Year,Name,Position,ADP,PosADP,PassAtt,PassComp,PassYards,PassTDs,RushAtt,RushYards,RushTDs,Targets,Receptions,RecYards,RecTDs,PosRank
2017,David Johnson,RB,1,1,0,0,0,0,293,1239,16,120,80,879,4,1
2017,Le'Veon Bell,RB,2,2,0,0,0,0,261,1268,7,94,75,616,2,3
2017,Antonio Brown,WR,3,1,0,0,0,0,0,0,0,154,106,1284,12,1
2017,Julio Jones,WR,4,2,0,0,0,0,0,0,0,129,83,1409,6,6
2017,Ezekiel Elliott,RB,5,3,0,0,0,0,322,1631,15,40,32,363,1,2
2017,Odell Beckham Jr,WR,6,3,0,0,0,0,0,0,0,169,101,1367,10,4
2017,Devonta Freeman,RB,7,4,0,0,0,0,227,1079,11,65,54,462,2,6
2017,LeSean McCoy,RB,8,5,0,0,0,0,234,1267,13,58,51,356,1,4
2017,Mike Evans,WR,9,4,0,0,0,0,0,0,0,171,96,1321,12,3
2017,AJ Green,WR,10,5,0,0,0,0,0,0,0,132,86,1297,10,8
2017,Melvin Gordon,RB,11,6,0,0,0,0,254,997,10,57,41,419,2,7
2017,Jordy Nelson,WR,12,6,0,0,0,0,0,0,0,152,97,1257,14,2
2017,Michael Thomas,WR,13,7,0,0,0,0,0,0,0,121,92,1137,9,7
2017,Jay Ajayi,RB,14,7,0,0,0,0,260,1272,8,35,27,151,0,11
2017,DeMarco Murray,RB,15,8,0,0,0,0,293,1287,9,67,53,377,3,5
2017,Jordan Howard,RB,16,9,0,0,0,0,252,1313,6,50,29,298,1,10
2017,Brandin Cooks,WR,17,8,0,0,0,0,0,0,0,117,78,1173,8,9
2017,Rob Gronkowski,TE,18,1,0,0,0,0,0,0,0,120,72,1176,11,1
2017,Kareem Hunt,RB,19,10,0,0,0,0,0,0,0,0,0,0,0,0
2017,Todd Gurley,RB,20,11,0,0,0,0,278,885,6,58,43,327,0,15
2017,Dez Bryant,WR,21,9,0,0,0,0,0,0,0,96,50,796,8,39
2017,Amari Cooper,WR,22,10,0,0,0,0,0,0,0,131,82,1149,5,15
2017,Doug Baldwin,WR,23,11,0,0,0,0,0,0,0,125,94,1128,7,8
2017,Christian McCaffrey,RB,24,12,0,0,0,0,0,0,0,0,0,0,0,0
2017,Aaron Rodgers,QB,25,1,610,401,4428,40,67,369,4,0,0,0,0,1
2017,Keenan Allen,WR,26,12,0,0,0,0,0,0,0,89,67,725,4,41
2017,Leonard Fournette,RB,27,13,0,0,0,0,0,0,0,0,0,0,0,0
2017,Dalvin Cook,RB,28,14,0,0,0,0,0,0,0,0,0,0,0,0
2017,TY Hilton,WR,29,13,0,0,0,0,0,0,0,155,91,1448,6,5
2017,Tom Brady,QB,30,2,624,402,4770,36,34,53,3,0,0,0,0,2
2017,Isaiah Crowell,RB,31,15,0,0,0,0,197,944,7,53,40,319,0,14
2017,Terrelle Pryor,WR,32,14,0,0,0,0,0,0,0,141,77,1007,4,21
2017,DeAndre Hopkins,WR,33,15,0,0,0,0,0,0,0,151,78,954,4,25
2017,Ty Montgomery,RB,34,16,0,0,0,0,77,457,3,56,44,348,0,33
2017,Demaryius Thomas,WR,35,16,0,0,0,0,0,0,0,144,90,1083,5,16
2017,Carlos Hyde,RB,36,17,0,0,0,0,217,988,6,33,27,163,3,20
2017,Lamar Miller,RB,37,18,0,0,0,0,268,1073,5,39,31,188,1,19
2017,Marshawn Lynch,RB,38,19,0,0,0,0,111,417,3,21,13,80,0,63
2017,Kelvin Benjamin,WR,39,17,0,0,0,0,0,0,0,117,63,941,7,27
2017,Travis Kelce,TE,40,2,0,0,0,0,0,0,0,117,85,1125,4,1
2017,Alshon Jeffery,WR,41,18,0,0,0,0,0,0,0,94,52,821,2,55
2017,Martavis Bryant,WR,42,19,0,0,0,0,0,0,0,92,50,765,6,39
2017,Drew Brees,QB,43,3,673,471,5207,37,23,20,2,0,0,0,0,3
2017,Joe Mixon,RB,44,20,0,0,0,0,0,0,0,0,0,0,0,0
2017,Michael Crabtree,WR,45,20,0,0,0,0,0,0,0,145,89,1003,8,12
2017,Davante Adams,WR,46,21,0,0,0,0,0,0,0,121,75,997,12,11
2017,Tyreek Hill,WR,47,22,0,0,0,0,0,0,0,83,61,593,6,24
2017,Golden Tate,WR,48,23,0,0,0,0,0,0,0,135,91,1077,4,17
2017,Larry Fitzgerald,WR,49,24,0,0,0,0,0,0,0,151,108,1028,6,10
2017,Bilal Powell,RB,50,21,0,0,0,0,131,722,3,75,58,388,2,16
2017,Doug Martin,RB,51,22,0,0,0,0,144,421,3,16,14,134,0,55
2017,CJ Anderson,RB,52,23,0,0,0,0,110,437,4,24,16,128,1,46
2017,Greg Olsen,TE,53,3,0,0,0,0,0,0,0,129,80,1073,3,3
2017,DeVante Parker,WR,54,25,0,0,0,0,0,0,0,88,56,744,4,50
2017,Ameer Abdullah,RB,55,24,0,0,0,0,18,101,0,5,5,57,1,96
2017,Jordan Reed,TE,56,4,0,0,0,0,0,0,0,89,66,686,6,9
2017,Stefon Diggs,WR,57,26,0,0,0,0,0,0,0,112,84,903,3,30
2017,Matt Ryan,QB,58,4,534,373,4944,38,35,117,0,0,0,0,0,2
2017,Allen Robinson,WR,59,27,0,0,0,0,0,0,0,150,73,883,6,26
2017,Jimmy Graham,TE,60,5,0,0,0,0,0,0,0,95,65,923,6,4
2017,Mark Ingram,RB,61,25,0,0,0,0,205,1044,6,58,46,319,4,8
2017,Jamison Crowder,WR,62,28,0,0,0,0,0,0,0,99,67,847,7,31
2017,Danny Woodhead,RB,63,26,0,0,0,0,19,116,0,8,6,35,1,95
2017,Jarvis Landry,WR,64,29,0,0,0,0,0,0,0,131,94,1138,4,13
2017,Russell Wilson,QB,65,5,546,353,4219,21,72,259,1,0,0,0,0,12
2017,Brandon Marshall,WR,66,30,0,0,0,0,0,0,0,129,60,787,3,49
2017,Mike Gillislee,RB,67,27,0,0,0,0,101,576,8,11,9,50,1,40
2017,Pierre Garcon,WR,68,31,0,0,0,0,0,0,0,114,79,1041,3,22
2017,Rob Kelley,RB,69,28,0,0,0,0,168,704,6,18,12,82,1,37
2017,Adrian Peterson,RB,70,29,0,0,0,0,37,72,0,6,3,8,0,125
2017,Sammy Watkins,WR,71,32,0,0,0,0,0,0,0,52,28,430,2,90
2017,Tyler Eifert,TE,72,6,0,0,0,0,0,0,0,47,29,394,5,25
2017,Zach Ertz,TE,73,7,0,0,0,0,0,0,0,106,78,816,4,6
2017,Tevin Coleman,RB,74,30,0,0,0,0,118,520,8,40,31,421,3,18
2017,Emmanuel Sanders,WR,75,33,0,0,0,0,0,0,0,137,79,1032,5,19
2017,Derek Carr,QB,76,6,559,356,3933,28,38,69,0,0,0,0,0,13
2017,Darren McFadden,RB,77,31,0,0,0,0,24,87,0,5,3,17,0,112
2017,Chris Hogan,WR,78,34,0,0,0,0,0,0,0,58,38,680,4,60
2017,Marcus Mariota,QB,79,7,451,276,3426,26,59,357,2,0,0,0,0,9
2017,Derrick Henry,RB,80,32,0,0,0,0,110,490,5,15,13,137,0,45
2017,Delanie Walker,TE,81,8,0,0,0,0,0,0,0,102,65,800,7,5
2017,Jameis Winston,QB,82,8,568,345,4090,28,52,168,1,0,0,0,0,16
2017,Theo Riddick,RB,83,33,0,0,0,0,92,357,1,67,53,371,5,25
2017,Paul Perkins,RB,84,34,0,0,0,0,112,456,0,24,15,162,0,57
2017,Jeremy Maclin,WR,85,35,0,0,0,0,0,0,0,76,44,536,2,71
2017,Kyle Rudolph,TE,86,9,0,0,0,0,0,0,0,132,83,840,7,2
2017,Willie Snead,WR,87,36,0,0,0,0,0,0,0,104,72,895,4,35
2017,Frank Gore,RB,88,35,0,0,0,0,263,1026,4,47,38,277,4,12
2017,Kirk Cousins,QB,89,9,606,406,4917,25,34,100,4,0,0,0,0,5
2017,Terrance West,RB,90,36,0,0,0,0,193,774,5,45,34,236,1,23
2017,Martellus Bennett,TE,91,10,0,0,0,0,0,0,0,73,55,701,7,10
2017,Eric Decker,WR,92,37,0,0,0,0,0,0,0,21,9,194,2,118
2017,Cam Newton,QB,93,10,509,270,3509,19,90,359,5,0,0,0,0,17
2017,DeSean Jackson,WR,94,38,0,0,0,0,0,0,0,100,56,1005,4,37
2017,LeGarrette Blount,RB,95,37,0,0,0,0,299,1161,18,8,7,38,0,9
2017,Randall Cobb,WR,96,39,0,0,0,0,0,0,0,84,60,610,4,51
2017,Duke Johnson,RB,97,38,0,0,0,0,74,366,1,74,53,514,0,30
2017,Tyrell Williams,WR,98,40,0,0,0,0,0,0,0,119,69,1059,7,18
2017,Thomas Rawls,RB,99,39,0,0,0,0,109,349,3,17,13,96,0,59
2017,Jacquizz Rodgers,RB,100,40,0,0,0,0,129,560,2,16,13,98,0,54
2017,Corey Coleman,WR,101,41,0,0,0,0,0,0,0,73,33,413,3,83
2017,Adam Thielen,WR,102,42,0,0,0,0,0,0,0,92,69,967,5,29
2017,Andrew Luck,QB,103,11,545,346,4240,31,64,341,2,0,0,0,0,4
2017,Ben Roethlisberger,QB,104,12,509,328,3819,29,16,14,1,0,0,0,0,18
2017,Jonathan Stewart,RB,105,41,0,0,0,0,218,824,9,21,8,60,0,29
2017,James White,RB,106,42,0,0,0,0,39,166,0,86,60,551,5,26
2017,Donte Moncrief,WR,107,43,0,0,0,0,0,0,0,56,30,307,7,75
2017,Hunter Henry,TE,108,11,0,0,0,0,0,0,0,53,36,482,8,18
2017,Marvin Jones,WR,109,44,0,0,0,0,0,0,0,103,55,930,4,42
2017,Eddie Lacy,RB,110,43,0,0,0,0,71,360,0,7,4,28,0,76
2017,John Brown,WR,111,45,0,0,0,0,0,0,0,72,39,517,2,74
2017,Philip Rivers,QB,112,13,578,349,4390,33,14,35,0,0,0,0,0,11
2017,Corey Davis,WR,113,46,0,0,0,0,0,0,0,0,0,0,0,0
2017,Dak Prescott,QB,114,14,459,311,3667,23,57,282,6,0,0,0,0,6
2017,Rex Burkhead,RB,115,44,0,0,0,0,74,344,2,20,17,145,0,58
2017,Jamaal Williams,RB,116,45,0,0,0,0,0,0,0,0,0,0,0,0
2017,Rishard Matthews,WR,117,47,0,0,0,0,0,0,0,108,65,945,9,20
2017,Darren Sproles,RB,118,46,0,0,0,0,94,438,2,71,52,427,2,24
2017,Matthew Stafford,QB,119,15,594,388,4327,24,37,207,2,0,0,0,0,7
2017,Ted Ginn Jr,WR,120,48,0,0,0,0,0,0,0,95,54,752,4,47
2017,Jordan Matthews,WR,121,49,0,0,0,0,0,0,0,106,67,731,3,48
2017,Cooper Kupp,WR,122,50,0,0,0,0,0,0,0,0,0,0,0,0
2017,Zay Jones,WR,123,51,0,0,0,0,0,0,0,0,0,0,0,0
2017,Jamaal Charles,RB,124,47,0,0,0,0,12,40,1,3,2,14,0,111
2017,Eric Ebron,TE,125,12,0,0,0,0,0,0,0,85,61,711,1,14
2017,Mike Wallace,WR,126,52,0,0,0,0,0,0,0,117,72,1017,4,23
2017,Andy Dalton,QB,127,16,563,364,4206,18,46,184,4,0,0,0,0,10
2017,Samaje Perine,RB,128,48,0,0,0,0,0,0,0,0,0,0,0,0
2017,Kevin White,WR,129,53,0,0,0,0,0,0,0,36,19,187,0,119
2017,CJ Prosise,RB,130,49,0,0,0,0,30,172,1,19,17,208,0,67
2017,Danny Amendola,WR,131,54,0,0,0,0,0,0,0,29,23,245,4,97
2017,Carson Wentz,QB,132,17,607,379,3782,16,46,150,2,0,0,0,0,24
2017,Matt Forte,RB,133,50,0,0,0,0,218,813,7,43,30,263,1,21
2017,Jack Doyle,TE,134,13,0,0,0,0,0,0,0,75,59,584,5,13
2017,Jeremy Hill,RB,135,51,0,0,0,0,222,839,9,27,21,174,0,22
2017,Kenny Britt,WR,136,55,0,0,0,0,0,0,0,111,68,1002,5,28
2017,Cole Beasley,WR,137,56,0,0,0,0,0,0,0,98,75,833,5,32
2017,Eli Manning,QB,138,18,598,377,4027,26,21,-9,0,0,0,0,0,21
2017,Alvin Kamara,RB,139,52,0,0,0,0,0,0,0,0,0,0,0,0
2017,Marlon Mack,RB,140,53,0,0,0,0,0,0,0,0,0,0,0,0
2017,Carson Palmer,QB,141,19,598,365,4237,26,14,38,0,0,0,0,0,19
2017,Robby Anderson,WR,142,57,0,0,0,0,0,0,0,78,42,587,2,69
2017,Wendell Smallwood,RB,143,54,0,0,0,0,77,312,1,13,6,55,0,73
2017,Austin Hooper,TE,144,14,0,0,0,0,0,0,0,27,19,271,3,38
2017,Kendall Wright,WR,145,58,0,0,0,0,0,0,0,43,29,416,3,85
2017,Chris Carson,RB,146,55,0,0,0,0,0,0,0,0,0,0,0,0
2017,Jason Witten,TE,147,15,0,0,0,0,0,0,0,95,69,673,3,11
2017,Taylor Gabriel,WR,148,59,0,0,0,0,0,0,0,51,36,588,6,56
2017,Kenny Golladay,WR,149,60,0,0,0,0,0,0,0,0,0,0,0,0
2017,Coby Fleener,TE,150,16,0,0,0,0,0,0,0,82,50,631,3,15
2017,Sterling Shepard,WR,151,61,0,0,0,0,0,0,0,105,65,683,8,36
2017,OJ Howard,TE,152,17,0,0,0,0,0,0,0,0,0,0,0,0
2017,Latavius Murray,RB,153,56,0,0,0,0,195,788,12,43,33,264,0,13
2017,DeAndre Washington,RB,154,57,0,0,0,0,86,467,2,23,17,115,0,56
2017,Dion Lewis,RB,155,58,0,0,0,0,64,283,0,24,17,94,0,71
2017,Jay Cutler,QB,156,20,137,81,1059,4,5,24,0,0,0,0,0,39
2017,Tyler Lockett,WR,157,62,0,0,0,0,0,0,0,66,41,597,1,64
2017,Jonathan Williams,RB,158,59,0,0,0,0,27,94,1,2,1,0,0,116
2017,Donta Foreman,RB,159,60,0,0,0,0,0,0,0,0,0,0,0,0
2017,Giovani Bernard,RB,160,61,0,0,0,0,91,337,2,51,39,336,1,41
2017,Charcandrick West,RB,161,62,0,0,0,0,88,293,1,34,28,188,2,50
2017,Tyrod Taylor,QB,162,21,437,270,3023,17,95,580,6,0,0,0,0,8
2017,Mohamed Sanu,WR,163,63,0,0,0,0,0,0,0,81,59,653,4,53
2016,Antonio Brown,WR,1,1,0,0,0,0,0,0,0,193,136,1834,10,1
2016,Julio Jones,WR,2,2,0,0,0,0,0,0,0,203,136,1871,8,2
2016,Odell Beckham Jr,WR,3,3,0,0,0,0,0,0,0,158,96,1450,13,5
2016,David Johnson,RB,4,1,0,0,0,0,125,581,8,57,36,457,4,8
2016,Todd Gurley,RB,5,2,0,0,0,0,229,1108,10,26,21,188,0,9
2016,AJ Green,WR,6,4,0,0,0,0,0,0,0,132,86,1297,10,8
2016,DeAndre Hopkins,WR,7,5,0,0,0,0,0,0,0,192,111,1521,11,4
2016,Ezekiel Elliott,RB,8,3,0,0,0,0,0,0,0,0,0,0,0,0
2016,Allen Robinson,WR,9,6,0,0,0,0,0,0,0,151,80,1400,14,6
2016,Lamar Miller,RB,10,4,0,0,0,0,194,872,8,57,47,397,2,5
2016,Adrian Peterson,RB,11,5,0,0,0,0,327,1485,11,36,30,222,0,2
2016,Le'Veon Bell,RB,12,6,0,0,0,0,290,1361,8,105,83,854,3,1
2016,Brandon Marshall,WR,13,7,0,0,0,0,0,0,0,173,109,1502,14,3
2016,Keenan Allen,WR,14,8,0,0,0,0,0,0,0,89,67,725,4,41
2016,Rob Gronkowski,TE,15,1,0,0,0,0,0,0,0,120,72,1176,11,1
2016,Mike Evans,WR,16,9,0,0,0,0,0,0,0,145,74,1208,3,23
2016,Dez Bryant,WR,17,10,0,0,0,0,0,0,0,136,88,1320,16,4
2016,Jordy Nelson,WR,18,11,0,0,0,0,0,0,0,151,98,1519,13,3
2016,Devonta Freeman,RB,19,7,0,0,0,0,264,1061,11,97,73,578,3,1
2016,Jamaal Charles,RB,20,8,0,0,0,0,205,1039,9,59,40,291,5,7
2016,Amari Cooper,WR,21,12,0,0,0,0,0,0,0,130,72,1070,6,21
2016,LeSean McCoy,RB,22,9,0,0,0,0,203,895,3,49,32,292,2,19
2016,Alshon Jeffery,WR,23,13,0,0,0,0,0,0,0,94,54,807,4,42
2016,Brandin Cooks,WR,24,14,0,0,0,0,0,0,0,129,84,1140,9,13
2016,Eddie Lacy,RB,25,10,0,0,0,0,187,758,3,28,20,188,2,32
2016,Mark Ingram,RB,26,11,0,0,0,0,165,767,6,60,50,405,0,12
2016,Jarvis Landry,WR,27,15,0,0,0,0,0,0,0,167,111,1159,4,10
2016,Sammy Watkins,WR,28,16,0,0,0,0,0,0,0,93,60,1047,9,20
2016,TY Hilton,WR,29,17,0,0,0,0,0,0,0,134,69,1124,5,22
2016,Demaryius Thomas,WR,30,18,0,0,0,0,0,0,0,177,105,1304,6,11
2016,Doug Martin,RB,31,12,0,0,0,0,288,1402,6,44,33,271,1,4
2016,Randall Cobb,WR,32,19,0,0,0,0,0,0,0,129,79,829,6,26
2016,CJ Anderson,RB,33,13,0,0,0,0,152,720,5,36,25,183,0,31
2016,Cam Newton,QB,34,1,496,296,3837,35,132,636,10,0,0,0,0,1
2016,Jordan Reed,TE,35,2,0,0,0,0,0,0,0,114,87,952,11,2
2016,Julian Edelman,WR,36,20,0,0,0,0,0,0,0,88,61,692,7,38
2016,Latavius Murray,RB,37,14,0,0,0,0,267,1066,6,53,41,232,0,10
2016,Jeremy Maclin,WR,38,21,0,0,0,0,0,0,0,124,87,1088,8,15
2016,Donte Moncrief,WR,39,22,0,0,0,0,0,0,0,105,64,733,6,36
2016,Aaron Rodgers,QB,40,2,572,347,3821,31,58,344,1,0,0,0,0,7
2016,Kelvin Benjamin,WR,41,23,0,0,0,0,0,0,0,145,73,1008,9,16
2016,DeMarco Murray,RB,42,15,0,0,0,0,194,699,6,55,44,322,1,15
2016,Thomas Rawls,RB,43,16,0,0,0,0,147,830,4,11,9,76,1,36
2016,Matt Forte,RB,44,17,0,0,0,0,218,898,4,58,44,389,3,7
2016,Golden Tate,WR,45,24,0,0,0,0,0,0,0,129,90,813,6,24
2016,Eric Decker,WR,46,25,0,0,0,0,0,0,0,132,80,1027,12,14
2016,Carlos Hyde,RB,47,18,0,0,0,0,115,470,3,15,11,53,0,61
2016,Jeremy Langford,RB,48,19,0,0,0,0,148,537,6,42,22,279,1,30
2016,Greg Olsen,TE,49,3,0,0,0,0,0,0,0,124,77,1104,7,5
2016,Doug Baldwin,WR,50,26,0,0,0,0,0,0,0,103,78,1069,14,9
2016,Jeremy Hill,RB,51,20,0,0,0,0,223,794,11,19,15,79,1,20
2016,Josh Gordon,WR,52,27,0,0,0,0,0,0,0,47,24,303,0,103
2016,Michael Floyd,WR,53,28,0,0,0,0,0,0,0,88,52,849,6,37
2016,Russell Wilson,QB,54,3,483,329,4022,34,103,554,1,0,0,0,0,3
2016,Melvin Gordon,RB,55,21,0,0,0,0,184,641,0,37,33,192,0,47
2016,Danny Woodhead,RB,56,22,0,0,0,0,97,335,3,107,81,756,6,3
2016,Marvin Jones,WR,57,29,0,0,0,0,0,0,0,103,65,816,4,35
2016,Arian Foster,RB,58,23,0,0,0,0,63,163,1,28,22,227,2,67
2016,Giovani Bernard,RB,59,24,0,0,0,0,154,730,2,66,49,472,0,16
2016,Andrew Luck,QB,60,4,616,380,4761,40,64,263,3,0,0,0,0,2
2016,Larry Fitzgerald,WR,61,30,0,0,0,0,0,0,0,146,109,1215,9,7
2016,Ryan Mathews,RB,62,25,0,0,0,0,108,539,6,28,20,146,1,37
2016,Drew Brees,QB,63,5,627,429,4878,32,24,14,1,0,0,0,0,6
2016,Jonathan Stewart,RB,64,26,0,0,0,0,242,989,6,21,16,99,1,24
2016,Delanie Walker,TE,65,4,0,0,0,0,0,0,0,133,94,1088,6,3
2016,Jordan Matthews,WR,66,31,0,0,0,0,0,0,0,128,85,997,8,17
2016,Travis Kelce,TE,67,5,0,0,0,0,0,0,0,103,72,875,5,8
2016,Allen Hurns,WR,68,32,0,0,0,0,0,0,0,105,64,1030,10,18
2016,Duke Johnson,RB,69,27,0,0,0,0,104,379,0,74,61,534,2,23
2016,Tom Brady,QB,70,6,624,402,4770,36,34,53,3,0,0,0,0,2
2016,DeAngelo Williams,RB,71,28,0,0,0,0,200,907,11,47,40,367,0,6
2016,Emmanuel Sanders,WR,72,33,0,0,0,0,0,0,0,137,76,1135,6,19
2016,Ben Roethlisberger,QB,73,7,469,319,3933,21,15,29,0,0,0,0,0,21
2016,Coby Fleener,TE,74,6,0,0,0,0,0,0,0,84,54,491,3,19
2016,Tyler Lockett,WR,75,34,0,0,0,0,0,0,0,68,51,664,6,44
2016,Frank Gore,RB,76,29,0,0,0,0,260,967,6,58,34,267,1,14
2016,Rashad Jennings,RB,77,30,0,0,0,0,195,863,3,39,29,296,1,22
2016,John Brown,WR,78,35,0,0,0,0,0,0,0,101,65,1003,7,25
2016,Matt Jones,RB,79,31,0,0,0,0,144,490,3,25,19,304,1,44
2016,Derrick Henry,RB,80,32,0,0,0,0,0,0,0,0,0,0,0,0
2016,Michael Crabtree,WR,81,36,0,0,0,0,0,0,0,146,85,922,9,16
2016,Gary Barnidge,TE,82,7,0,0,0,0,0,0,0,125,79,1043,9,4
2016,DeSean Jackson,WR,83,37,0,0,0,0,0,0,0,48,30,528,4,67
2016,Ameer Abdullah,RB,84,33,0,0,0,0,143,598,2,38,25,183,1,43
2016,Carson Palmer,QB,85,8,538,342,4671,35,25,24,1,0,0,0,0,5
2016,Chris Ivory,RB,86,34,0,0,0,0,247,1070,7,37,30,217,1,11
2016,Sterling Shepard,WR,87,38,0,0,0,0,0,0,0,0,0,0,0,0
2016,Blake Bortles,QB,88,9,606,355,4428,35,52,310,2,0,0,0,0,4
2016,Charles Sims,RB,89,35,0,0,0,0,107,529,0,70,51,561,4,17
2016,Zach Ertz,TE,90,8,0,0,0,0,0,0,0,112,75,853,2,9
2016,Justin Forsett,RB,91,36,0,0,0,0,151,641,2,41,31,153,0,41
2016,James White,RB,92,37,0,0,0,0,22,56,2,54,40,410,4,40
2016,LeGarrette Blount,RB,93,38,0,0,0,0,165,703,6,7,6,43,1,39
2016,DeVante Parker,WR,94,39,0,0,0,0,0,0,0,50,26,494,3,78
2016,Willie Snead,WR,95,40,0,0,0,0,0,0,0,102,70,990,3,32
2016,Eli Manning,QB,96,10,618,387,4436,35,20,61,0,0,0,0,0,10
2016,TJ Yeldon,RB,97,39,0,0,0,0,182,740,2,46,36,279,1,27
2016,Philip Rivers,QB,98,11,662,438,4793,29,17,28,0,0,0,0,0,12
2016,Kevin White,WR,99,41,0,0,0,0,0,0,0,0,0,0,0,0
2016,Julius Thomas,TE,100,9,0,0,0,0,0,0,0,80,46,455,5,18
2016,Devin Funchess,WR,101,42,0,0,0,0,0,0,0,63,31,473,5,64
2016,Stefon Diggs,WR,102,43,0,0,0,0,0,0,0,84,52,720,4,45
2016,Christine Michael,RB,103,40,0,0,0,0,54,243,0,6,3,16,0,101
2016,Theo Riddick,RB,104,41,0,0,0,0,43,133,0,99,80,697,3,18
2016,Antonio Gates,TE,105,10,0,0,0,0,0,0,0,85,56,630,5,12
2016,Derek Carr,QB,106,12,573,350,3987,32,33,138,0,0,0,0,0,14
2016,Travis Benjamin,WR,107,44,0,0,0,0,0,0,0,125,68,966,5,29
2016,Kamar Aiken,WR,108,45,0,0,0,0,0,0,0,126,75,944,5,27
2016,Bilal Powell,RB,109,42,0,0,0,0,70,313,1,63,47,388,2,34
2016,Isaiah Crowell,RB,110,43,0,0,0,0,185,706,4,22,19,182,1,33
2016,Tyler Eifert,TE,111,11,0,0,0,0,0,0,0,74,52,615,13,6
2016,Kirk Cousins,QB,112,13,543,379,4166,29,26,48,5,0,0,0,0,9
2016,Tavon Austin,WR,113,46,0,0,0,0,0,0,0,87,52,473,5,28
2016,Jay Ajayi,RB,114,44,0,0,0,0,49,187,1,11,7,90,0,86
2016,Corey Coleman,WR,115,47,0,0,0,0,0,0,0,0,0,0,0,0
2016,Tyrod Taylor,QB,116,14,380,242,3035,20,104,568,4,0,0,0,0,15
2016,Tajae Sharpe,WR,117,48,0,0,0,0,0,0,0,0,0,0,0,0
2016,Darren Sproles,RB,118,45,0,0,0,0,83,317,3,83,55,388,1,28
2016,Martellus Bennett,TE,119,12,0,0,0,0,0,0,0,80,53,439,3,22
2016,Matthew Stafford,QB,120,15,592,398,4262,32,44,159,1,0,0,0,0,8
2016,Michael Thomas,WR,121,49,0,0,0,0,0,0,0,0,0,0,0,0
2016,Tevin Coleman,RB,122,46,0,0,0,0,87,392,1,9,2,14,0,84
2016,Vincent Jackson,WR,123,50,0,0,0,0,0,0,0,62,33,543,3,65
2016,Markus Wheaton,WR,124,51,0,0,0,0,0,0,0,79,44,749,5,46
2016,Jameis Winston,QB,125,16,535,312,4044,22,53,210,6,0,0,0,0,13
2016,Steve Smith,WR,126,52,0,0,0,0,0,0,0,73,46,670,3,52
2016,Spencer Ware,RB,127,47,0,0,0,0,72,403,6,6,6,5,0,60
2016,DeAndre Washington,RB,128,48,0,0,0,0,0,0,0,0,0,0,0,0
2016,Torrey Smith,WR,129,53,0,0,0,0,0,0,0,60,33,663,4,54
2016,Dion Lewis,RB,130,49,0,0,0,0,49,234,2,50,36,388,2,42
2016,Alfred Morris,RB,131,50,0,0,0,0,202,763,1,13,10,55,0,52
2016,Will Fuller,WR,132,54,0,0,0,0,0,0,0,0,0,0,0,0
2016,Dwayne Allen,TE,133,13,0,0,0,0,0,0,0,29,16,109,1,58
2016,Andy Dalton,QB,134,17,386,255,3250,25,58,141,3,0,0,0,0,18
2016,Mohamed Sanu,WR,135,55,0,0,0,0,0,0,0,49,33,394,0,79
2016,Marcus Mariota,QB,136,18,371,230,2818,19,34,252,2,0,0,0,0,24
2016,Jared Cook,TE,137,14,0,0,0,0,0,0,0,75,39,481,0,28
2016,Tyler Boyd,WR,138,56,0,0,0,0,0,0,0,0,0,0,0,0
2016,Rishard Matthews,WR,139,57,0,0,0,0,0,0,0,61,43,662,4,50
2016,Devontae Booker,RB,140,51,0,0,0,0,0,0,0,0,0,0,0,0
2016,Chris Hogan,WR,141,58,0,0,0,0,0,0,0,59,36,450,2,77
2016,Jimmy Graham,TE,142,15,0,0,0,0,0,0,0,74,48,605,2,20
2016,Dak Prescott,QB,143,19,0,0,0,0,0,0,0,0,0,0,0,0
2016,Matt Ryan,QB,144,20,614,407,4591,21,37,63,0,0,0,0,0,19
2016,Jerick McKinnon,RB,145,52,0,0,0,0,52,271,2,29,21,173,1,58
2016,Phillip Dorsett,WR,146,59,0,0,0,0,0,0,0,39,18,225,1,112
2016,Shane Vereen,RB,147,53,0,0,0,0,61,260,0,81,59,495,4,26
2016,Ryan Fitzpatrick,QB,148,21,562,335,3905,31,60,270,2,0,0,0,0,11
2016,Kenny Stills,WR,149,60,0,0,0,0,0,0,0,62,27,440,3,82
2016,Jason Witten,TE,150,16,0,0,0,0,0,0,0,103,77,712,3,10
2016,Mike Wallace,WR,151,61,0,0,0,0,0,0,0,72,39,473,2,74
2016,Ted Ginn Jr,WR,152,62,0,0,0,0,0,0,0,97,44,739,10,34
2016,James Starks,RB,153,54,0,0,0,0,148,601,2,53,43,392,3,21
2016,Chris Thompson,RB,154,55,0,0,0,0,35,216,0,47,35,240,2,54
2016,Sammie Coates,WR,155,63,0,0,0,0,0,0,0,2,1,11,0,189
2016,Zach Miller,TE,156,17,0,0,0,0,0,0,0,45,34,439,5,23
2016,Ryan Tannehill,QB,157,22,587,364,4210,24,32,141,1,0,0,0,0,17
2016,Terrelle Pryor,WR,158,64,0,0,0,0,0,0,0,8,1,42,0,175
2016,Terrance West,RB,159,56,0,0,0,0,61,229,0,5,4,21,0,106
2016,Robert Griffin III,QB,160,23,214,147,1694,4,38,176,1,0,0,0,0,36
2016,Dorial Green-Beckham,WR,161,65,0,0,0,0,0,0,0,67,32,549,4,60
2016,Chris Johnson,RB,162,57,0,0,0,0,196,814,3,12,6,58,0,48
2016,Brock Osweiler,QB,163,24,275,170,1967,10,21,61,1,0,0,0,0,30
2015,Adrian Peterson,RB,1,1,0,0,0,0,279,1266,10,40,29,171,1,11
2015,Antonio Brown,WR,2,1,0,0,0,0,0,0,0,181,129,1698,13,1
2015,Le'Veon Bell,RB,3,2,0,0,0,0,290,1361,8,105,83,854,3,1
2015,Eddie Lacy,RB,4,3,0,0,0,0,246,1139,9,55,42,427,4,5
2015,Jamaal Charles,RB,5,4,0,0,0,0,205,1039,9,59,40,291,5,7
2015,Julio Jones,WR,6,2,0,0,0,0,0,0,0,163,104,1593,6,6
2015,Dez Bryant,WR,7,3,0,0,0,0,0,0,0,136,88,1320,16,4
2015,Marshawn Lynch,RB,8,5,0,0,0,0,280,1306,13,48,37,367,4,4
2015,Demaryius Thomas,WR,9,4,0,0,0,0,0,0,0,184,111,1619,11,2
2015,Rob Gronkowski,TE,10,1,0,0,0,0,0,0,0,131,82,1124,12,1
2015,CJ Anderson,RB,11,6,0,0,0,0,179,849,8,44,34,324,2,10
2015,Odell Beckham Jr,WR,12,5,0,0,0,0,0,0,0,130,91,1305,12,7
2015,Calvin Johnson,WR,13,6,0,0,0,0,0,0,0,128,71,1077,8,15
2015,Matt Forte,RB,14,7,0,0,0,0,266,1038,6,130,102,808,4,3
2015,Jeremy Hill,RB,15,8,0,0,0,0,222,1124,9,32,27,215,0,11
2015,Randall Cobb,WR,16,7,0,0,0,0,0,0,0,127,91,1287,12,8
2015,AJ Green,WR,17,8,0,0,0,0,0,0,0,116,69,1041,6,24
2015,Andrew Luck,QB,18,1,616,380,4761,40,64,263,3,0,0,0,0,2
2015,DeMarco Murray,RB,19,9,0,0,0,0,393,1845,13,64,57,416,0,2
2015,Justin Forsett,RB,20,10,0,0,0,0,235,1266,8,59,44,263,0,8
2015,Brandin Cooks,WR,21,9,0,0,0,0,0,0,0,69,53,550,3,57
2015,Lamar Miller,RB,22,11,0,0,0,0,216,1099,8,52,38,275,1,9
2015,TY Hilton,WR,23,10,0,0,0,0,0,0,0,131,82,1345,7,12
2015,Jordan Matthews,WR,24,11,0,0,0,0,0,0,0,103,67,872,8,25
2015,LeSean McCoy,RB,25,12,0,0,0,0,314,1319,5,39,30,155,0,12
2015,Alshon Jeffery,WR,26,12,0,0,0,0,0,0,0,145,85,1133,10,10
2015,Aaron Rodgers,QB,27,2,520,341,4381,38,43,269,2,0,0,0,0,1
2015,Frank Gore,RB,28,13,0,0,0,0,255,1103,4,19,11,111,1,20
2015,DeAndre Hopkins,WR,29,13,0,0,0,0,0,0,0,127,76,1210,6,14
2015,Mike Evans,WR,30,14,0,0,0,0,0,0,0,123,68,1051,12,13
2015,Mark Ingram,RB,31,14,0,0,0,0,226,964,9,36,29,145,0,14
2015,Emmanuel Sanders,WR,32,15,0,0,0,0,0,0,0,141,101,1404,9,5
2015,Latavius Murray,RB,33,15,0,0,0,0,82,424,2,23,17,143,0,49
2015,Jimmy Graham,TE,34,2,0,0,0,0,0,0,0,125,85,889,10,2
2015,Davante Adams,WR,35,16,0,0,0,0,0,0,0,66,38,446,3,75
2015,Jarvis Landry,WR,36,17,0,0,0,0,0,0,0,112,84,758,5,31
2015,Arian Foster,RB,37,16,0,0,0,0,260,1246,8,59,38,327,5,6
2015,Andre Johnson,WR,38,18,0,0,0,0,0,0,0,146,85,936,3,29
2015,Doug Martin,RB,39,17,0,0,0,0,135,494,2,20,13,64,0,51
2015,Jeremy Maclin,WR,40,19,0,0,0,0,0,0,0,144,86,1329,10,9
2015,Amari Cooper,WR,41,20,0,0,0,0,0,0,0,0,0,0,0,0
2015,Ameer Abdullah,RB,42,18,0,0,0,0,0,0,0,0,0,0,0,0
2015,Julian Edelman,WR,43,21,0,0,0,0,0,0,0,134,92,972,4,17
2015,Golden Tate,WR,44,22,0,0,0,0,0,0,0,143,99,1331,4,11
2015,Andre Ellington,RB,45,19,0,0,0,0,0,0,0,64,46,395,2,35
2015,Carlos Hyde,RB,46,20,0,0,0,0,83,333,4,16,12,68,0,60
2015,Greg Olsen,TE,47,3,0,0,0,0,0,0,0,123,84,1008,6,4
2015,Chris Ivory,RB,48,21,0,0,0,0,198,820,6,27,18,123,1,22
2015,Alfred Morris,RB,49,22,0,0,0,0,265,1074,8,26,17,155,0,17
2015,Keenan Allen,WR,50,23,0,0,0,0,0,0,0,121,77,783,4,37
2015,Brandon Marshall,WR,51,24,0,0,0,0,0,0,0,106,61,721,8,34
2015,Travis Kelce,TE,52,4,0,0,0,0,0,0,0,87,67,862,5,6
2015,Melvin Gordon,RB,53,23,0,0,0,0,0,0,0,0,0,0,0,0
2015,Jonathan Stewart,RB,54,24,0,0,0,0,176,812,3,31,25,181,1,23
2015,Allen Robinson,WR,55,25,0,0,0,0,0,0,0,81,48,548,2,67
2015,Peyton Manning,QB,56,3,597,395,4727,39,24,-24,0,0,0,0,0,4
2015,Joseph Randle,RB,57,25,0,0,0,0,51,343,3,5,4,23,0,75
2015,Nelson Agholor,WR,58,26,0,0,0,0,0,0,0,0,0,0,0,0
2015,Drew Brees,QB,59,4,659,456,4952,33,27,68,1,0,0,0,0,5
2015,CJ Spiller,RB,60,26,0,0,0,0,77,299,0,22,19,125,1,67
2015,Todd Gurley,RB,61,27,0,0,0,0,0,0,0,0,0,0,0,0
2015,Martellus Bennett,TE,62,5,0,0,0,0,0,0,0,128,90,916,6,5
2015,Charles Johnson,WR,63,27,0,0,0,0,0,0,0,59,31,475,2,86
2015,Sammy Watkins,WR,64,28,0,0,0,0,0,0,0,128,65,982,6,27
2015,TJ Yeldon,RB,65,28,0,0,0,0,0,0,0,0,0,0,0,0
2015,Ben Roethlisberger,QB,66,5,608,408,4952,32,32,27,0,0,0,0,0,6
2015,John Brown,WR,67,29,0,0,0,0,0,0,0,103,48,696,5,53
2015,Tom Brady,QB,68,6,583,374,4109,33,36,57,0,0,0,0,0,9
2015,Martavis Bryant,WR,69,30,0,0,0,0,0,0,0,48,26,549,8,60
2015,LeGarrette Blount,RB,70,29,0,0,0,0,125,547,5,12,10,54,0,43
2015,Russell Wilson,QB,71,7,452,285,3475,20,118,849,6,0,0,0,0,3
2015,Danny Woodhead,RB,72,30,0,0,0,0,106,425,2,87,76,605,6,125
2015,Vincent Jackson,WR,73,31,0,0,0,0,0,0,0,140,70,1002,2,33
2015,Steve Smith,WR,74,32,0,0,0,0,0,0,0,134,79,1065,6,19
2015,DeSean Jackson,WR,75,33,0,0,0,0,0,0,0,95,56,1169,6,23
2015,Giovani Bernard,RB,76,31,0,0,0,0,168,680,5,59,43,349,2,16
2015,Jordan Cameron,TE,77,6,0,0,0,0,0,0,0,48,24,424,2,27
2015,Shane Vereen,RB,78,32,0,0,0,0,96,391,2,78,53,447,3,19
2015,Matt Ryan,QB,79,8,628,415,4694,28,29,145,0,0,0,0,0,7
2015,Ryan Mathews,RB,80,33,0,0,0,0,74,330,3,10,9,69,0,66
2015,Joique Bell,RB,81,34,0,0,0,0,223,860,7,53,34,322,1,13
2015,Tony Romo,QB,82,9,435,304,3705,34,25,61,0,0,0,0,0,11
2015,Rashad Jennings,RB,83,35,0,0,0,0,167,639,4,41,30,226,0,28
2015,Sam Bradford,QB,84,10,552,329,3702,21,38,128,1,0,0,0,0,17
2015,Jason Witten,TE,85,7,0,0,0,0,0,0,0,90,64,703,5,9
2015,Larry Fitzgerald,WR,86,34,0,0,0,0,0,0,0,103,63,784,2,52
2015,Eddie Royal,WR,87,35,0,0,0,0,0,0,0,91,62,778,7,32
2015,Darren McFadden,RB,88,36,0,0,0,0,155,534,2,56,36,212,0,34
2015,Alfred Blue,RB,89,37,0,0,0,0,169,528,2,18,15,113,1,44
2015,Kendall Wright,WR,90,36,0,0,0,0,0,0,0,93,57,715,6,43
2015,Tevin Coleman,RB,91,38,0,0,0,0,0,0,0,0,0,0,0,0
2015,Ryan Tannehill,QB,92,11,590,392,4045,27,55,317,1,0,0,0,0,8
2015,Owen Daniels,TE,93,8,0,0,0,0,0,0,0,78,48,527,4,18
2015,Mike Wallace,WR,94,37,0,0,0,0,0,0,0,115,67,862,10,20
2015,Victor Cruz,WR,95,38,0,0,0,0,0,0,0,41,23,337,1,98
2015,Markus Wheaton,WR,96,39,0,0,0,0,0,0,0,86,53,644,2,59
2015,Matthew Stafford,QB,97,12,602,363,4247,22,43,93,2,0,0,0,0,15
2015,Isaiah Crowell,RB,98,39,0,0,0,0,148,607,8,14,9,87,0,33
2015,Tyler Eifert,TE,99,9,0,0,0,0,0,0,0,3,3,37,0,94
2015,Devin Funchess,WR,100,40,0,0,0,0,0,0,0,0,0,0,0,0
2015,Devonta Freeman,RB,101,40,0,0,0,0,65,248,1,38,30,225,1,48
2015,Anquan Boldin,WR,102,41,0,0,0,0,0,0,0,131,83,1062,5,18
2015,Delanie Walker,TE,103,10,0,0,0,0,0,0,0,106,63,890,4,8
2015,Bishop Sankey,RB,104,41,0,0,0,0,153,572,2,24,18,133,0,45
2015,Steve Johnson,WR,105,42,0,0,0,0,0,0,0,50,35,435,3,79
2015,Duke Johnson,RB,106,42,0,0,0,0,0,0,0,0,0,0,0,0
2015,Eric Decker,WR,107,43,0,0,0,0,0,0,0,114,74,962,5,26
2015,Eli Manning,QB,108,13,601,379,4410,30,12,31,1,0,0,0,0,10
2015,Darren Sproles,RB,109,43,0,0,0,0,57,329,6,62,40,387,0,24
2015,Brian Quick,WR,110,44,0,0,0,0,0,0,0,39,25,375,3,91
2015,Tre Mason,RB,111,44,0,0,0,0,179,765,4,26,16,148,1,29
2015,Roddy White,WR,112,45,0,0,0,0,0,0,0,124,80,921,7,21
2015,DeVante Parker,WR,113,46,0,0,0,0,0,0,0,0,0,0,0,0
2015,Kyle Rudolph,TE,114,11,0,0,0,0,0,0,0,34,24,231,2,38
2015,Terrance Williams,WR,115,47,0,0,0,0,0,0,0,65,37,621,8,54
2015,Philip Rivers,QB,116,14,570,379,4286,31,38,104,0,0,0,0,0,12
2015,Ronnie Hillman,RB,117,45,0,0,0,0,106,434,3,34,21,139,1,42
2015,David Johnson,RB,118,46,0,0,0,0,0,0,0,1,1,4,0,104
2015,Marques Colston,WR,119,48,0,0,0,0,0,0,0,99,59,902,5,36
2015,Cam Newton,QB,120,15,448,262,3127,18,103,539,5,0,0,0,0,17
2015,Pierre Garcon,WR,121,49,0,0,0,0,0,0,0,105,68,752,3,48
2015,Knile Davis,RB,122,47,0,0,0,0,134,463,6,24,16,147,1,37
2015,Teddy Bridgewater,QB,123,16,402,259,2919,14,47,209,1,0,0,0,0,22
2015,Brandon Coleman,WR,124,50,0,0,0,0,0,0,0,0,0,0,0,0
2015,Matt Jones,RB,125,48,0,0,0,0,0,0,0,0,0,0,0,0
2015,Michael Floyd,WR,126,51,0,0,0,0,0,0,0,99,47,841,6,45
2015,Zach Ertz,TE,127,12,0,0,0,0,0,0,0,88,58,702,3,13
2015,Carson Palmer,QB,128,17,224,141,1626,11,8,25,0,0,0,0,0,31
2015,DeAngelo Williams,RB,129,49,0,0,0,0,63,219,0,6,5,44,0,94
2015,Reggie Bush,RB,130,50,0,0,0,0,76,297,2,56,40,253,0,41
2015,Ty Montgomery,RB,131,51,0,0,0,0,0,0,0,0,0,0,0,0
2015,David Cobb,RB,132,52,0,0,0,0,0,0,0,0,0,0,0,0
2015,Julius Thomas,TE,133,13,0,0,0,0,0,0,0,62,43,489,12,10
2015,Torrey Smith,WR,134,52,0,0,0,0,0,0,0,92,49,767,11,28
2015,Marvin Jones,WR,135,53,0,0,0,0,0,0,0,0,0,0,0,0
2015,Michael Crabtree,WR,136,54,0,0,0,0,0,0,0,108,68,698,4,47
2015,Brandon LaFell,WR,137,55,0,0,0,0,0,0,0,119,74,953,7,22
2015,Tyler Lockett,WR,138,56,0,0,0,0,0,0,0,0,0,0,0,0
2015,Antonio Gates,TE,139,14,0,0,0,0,0,0,0,98,69,821,12,3
2015,Roy Helu,RB,140,53,0,0,0,0,40,216,1,47,42,477,2,30
2015,Dwayne Allen,TE,141,15,0,0,0,0,0,0,0,50,29,395,8,19
2015,Breshad Perriman,WR,142,57,0,0,0,0,0,0,0,0,0,0,0,0
2015,Cameron Artis-Payne,RB,143,54,0,0,0,0,0,0,0,0,0,0,0,0
2015,Joe Flacco,QB,144,18,555,344,3986,27,39,70,2,0,0,0,0,13
2015,Dorial Green-Beckham,WR,145,58,0,0,0,0,0,0,0,0,0,0,0,0
2015,Colin Kaepernick,QB,146,19,479,289,3369,19,105,641,1,0,0,0,0,14
2015,Rueben Randle,WR,147,59,0,0,0,0,0,0,0,127,71,938,3,30
2015,Doug Baldwin,WR,148,60,0,0,0,0,0,0,0,98,66,825,3,44
2015,Christine Michael,RB,149,55,0,0,0,0,34,175,0,2,1,12,0,110
2015,Fred Jackson,RB,150,56,0,0,0,0,142,526,2,90,66,501,1,18
2015,Vernon Davis,TE,151,16,0,0,0,0,0,0,0,50,26,245,2,35
2015,Charles Sims,RB,152,57,0,0,0,0,66,185,1,27,19,190,0,72
2015,Jonas Gray,RB,153,58,0,0,0,0,89,412,5,3,1,7,0,61
2015,Richard Rodgers,TE,154,17,0,0,0,0,0,0,0,30,20,225,2,42
2015,James Jones,WR,155,61,0,0,0,0,0,0,0,111,73,666,6,40
2015,Allen Hurns,WR,156,62,0,0,0,0,0,0,0,97,51,677,6,50
2015,Phillip Dorsett,WR,157,63,0,0,0,0,0,0,0,0,0,0,0,0
2015,Denard Robinson,RB,158,59,0,0,0,0,135,582,4,31,23,124,0,38
2015,Tyrod Taylor,QB,159,20,5,1,2,0,8,64,0,0,0,0,0,52
2015,Andre Williams,RB,160,60,0,0,0,0,216,720,7,37,18,130,0,26
2015,Jay Cutler,QB,161,21,561,370,3812,28,38,198,2,0,0,0,0,16
2015,Josh Hill,TE,162,18,0,0,0,0,0,0,0,20,14,176,5,36
2015,James Starks,RB,163,61,0,0,0,0,85,333,2,29,18,140,0,54
2015,Khiry Robinson,RB,164,62,0,0,0,0,76,362,3,11,8,63,0,68
2015,Jordan Reed,TE,165,19,0,0,0,0,0,0,0,65,50,465,0,21
2015,Austin Seferian-Jenkins,TE,166,20,0,0,0,0,0,0,0,38,21,221,2,43
2015,Percy Harvin,WR,167,64,0,0,0,0,0,0,0,78,51,483,1,61
2015,Cody Latimer,WR,168,65,0,0,0,0,0,0,0,4,2,23,0,173
2015,Kenny Stills,WR,169,66,0,0,0,0,0,0,0,83,63,931,3,38
2015,Marcus Mariota,QB,170,22,0,0,0,0,0,0,0,0,0,0,0,0
2015,Jeff Janis,WR,171,67,0,0,0,0,0,0,0,2,2,16,0,176
2015,Derek Carr,QB,172,23,599,348,3270,21,30,87,0,0,0,0,0,20
2014,LeSean McCoy,RB,1,1,0,0,0,0,314,1607,9,64,52,540,2,3
2014,Jamaal Charles,RB,2,2,0,0,0,0,259,1288,12,104,70,693,7,1
2014,Calvin Johnson,WR,3,1,0,0,0,0,0,0,0,156,84,1489,12,5
2014,Matt Forte,RB,4,3,0,0,0,0,288,1341,9,95,75,592,3,2
2014,Adrian Peterson,RB,5,4,0,0,0,0,279,1266,10,40,29,171,1,11
2014,Eddie Lacy,RB,6,5,0,0,0,0,284,1178,11,44,35,257,0,7
2014,Demaryius Thomas,WR,7,2,0,0,0,0,0,0,0,142,92,1430,14,1
2014,Jimmy Graham,TE,8,1,0,0,0,0,0,0,0,142,86,1215,16,1
2014,Dez Bryant,WR,9,3,0,0,0,0,0,0,0,159,93,1249,13,7
2014,Montee Ball,RB,10,6,0,0,0,0,119,560,4,27,20,145,0,44
2014,Peyton Manning,QB,11,1,659,450,5477,55,32,-31,1,0,0,0,0,1
2014,AJ Green,WR,12,4,0,0,0,0,0,0,0,178,98,1426,11,4
2014,Julio Jones,WR,13,5,0,0,0,0,0,0,0,128,79,1198,10,11
2014,Brandon Marshall,WR,14,6,0,0,0,0,0,0,0,164,100,1295,12,6
2014,DeMarco Murray,RB,15,7,0,0,0,0,217,1124,9,66,53,348,1,6
2014,Marshawn Lynch,RB,16,8,0,0,0,0,301,1257,12,44,36,316,2,5
2014,Giovani Bernard,RB,17,9,0,0,0,0,170,695,5,71,56,514,3,13
2014,Jordy Nelson,WR,18,7,0,0,0,0,0,0,0,127,85,1314,8,13
2014,Antonio Brown,WR,19,8,0,0,0,0,0,0,0,166,110,1498,8,3
2014,Drew Brees,QB,20,2,650,446,5162,39,34,54,3,0,0,0,0,2
2014,Doug Martin,RB,21,10,0,0,0,0,319,1454,11,70,49,472,1,56
2014,Alshon Jeffery,WR,22,9,0,0,0,0,0,0,0,149,89,1421,7,8
2014,Aaron Rodgers,QB,23,3,553,372,4303,39,54,259,2,0,0,0,0,2
2014,Andre Ellington,RB,24,11,0,0,0,0,0,0,0,57,39,371,1,37
2014,Randall Cobb,WR,25,10,0,0,0,0,0,0,0,104,80,954,8,16
2014,Arian Foster,RB,26,12,0,0,0,0,121,542,1,35,22,183,1,46
2014,Julius Thomas,TE,27,2,0,0,0,0,0,0,0,90,65,788,12,2
2014,Keenan Allen,WR,28,11,0,0,0,0,0,0,0,104,71,1046,8,19
2014,Shane Vereen,RB,29,13,0,0,0,0,44,208,1,69,47,427,3,34
2014,Rob Gronkowski,TE,30,3,0,0,0,0,0,0,0,79,55,790,11,5
2014,Le'Veon Bell,RB,31,14,0,0,0,0,244,860,8,66,45,408,0,14
2014,Zac Stacy,RB,32,15,0,0,0,0,250,973,7,35,26,141,1,19
2014,Roddy White,WR,33,12,0,0,0,0,0,0,0,97,63,711,3,44
2014,Reggie Bush,RB,34,16,0,0,0,0,223,1006,4,80,54,506,3,9
2014,Alfred Morris,RB,35,17,0,0,0,0,276,1275,7,12,9,78,0,21
2014,Vincent Jackson,WR,36,13,0,0,0,0,0,0,0,160,78,1224,7,16
2014,Cordarrelle Patterson,WR,37,14,0,0,0,0,0,0,0,77,45,469,4,45
2014,Andre Johnson,WR,38,15,0,0,0,0,0,0,0,181,109,1407,5,10
2014,Rashad Jennings,RB,39,18,0,0,0,0,164,733,6,47,36,292,0,23
2014,Pierre Garcon,WR,40,16,0,0,0,0,0,0,0,182,113,1346,5,11
2014,Emmanuel Sanders,WR,41,17,0,0,0,0,0,0,0,112,67,732,6,32
2014,Larry Fitzgerald,WR,42,18,0,0,0,0,0,0,0,135,82,954,10,17
2014,CJ Spiller,RB,43,19,0,0,0,0,201,927,2,41,34,197,0,26
2014,Toby Gerhart,RB,44,20,0,0,0,0,36,283,2,19,13,88,0,60
2014,Victor Cruz,WR,45,19,0,0,0,0,0,0,0,122,73,998,4,28
2014,Percy Harvin,WR,46,20,0,0,0,0,0,0,0,85,62,677,3,39
2014,Joique Bell,RB,47,21,0,0,0,0,166,650,8,69,53,547,0,15
2014,Michael Floyd,WR,48,21,0,0,0,0,0,0,0,113,66,1054,5,24
2014,Julian Edelman,WR,49,22,0,0,0,0,0,0,0,151,105,1056,6,14
2014,Matthew Stafford,QB,50,4,634,371,4647,29,36,74,2,0,0,0,0,7
2014,Michael Crabtree,WR,51,23,0,0,0,0,0,0,0,127,85,1105,9,15
2014,Ryan Mathews,RB,52,22,0,0,0,0,285,1255,6,33,26,189,1,17
2014,Jordan Cameron,TE,53,4,0,0,0,0,0,0,0,118,80,917,7,4
2014,Ray Rice,RB,54,23,0,0,0,0,214,660,4,73,58,321,0,22
2014,Pierre Thomas,RB,55,24,0,0,0,0,147,549,2,84,77,513,3,16
2014,TY Hilton,WR,56,24,0,0,0,0,0,0,0,139,83,1086,5,18
2014,Andrew Luck,QB,57,5,572,345,3830,23,63,377,4,0,0,0,0,6
2014,Frank Gore,RB,58,25,0,0,0,0,276,1128,9,26,16,141,0,18
2014,Torrey Smith,WR,59,25,0,0,0,0,0,0,0,137,65,1128,4,22
2014,Ben Tate,RB,60,26,0,0,0,0,181,771,4,49,34,140,0,29
2014,Chris Johnson,RB,61,27,0,0,0,0,279,1077,6,52,42,345,4,8
2014,Tom Brady,QB,62,6,628,380,4343,25,33,18,0,0,0,0,0,15
2014,DeSean Jackson,WR,63,26,0,0,0,0,0,0,0,126,82,1332,9,12
2014,Kendall Wright,WR,64,27,0,0,0,0,0,0,0,139,94,1079,2,20
2014,Vernon Davis,TE,65,5,0,0,0,0,0,0,0,84,52,850,13,5
2014,Jeremy Maclin,WR,66,28,0,0,0,0,0,0,0,0,0,0,0,0
2014,Marques Colston,WR,67,29,0,0,0,0,0,0,0,111,75,943,5,26
2014,Bishop Sankey,RB,68,28,0,0,0,0,0,0,0,0,0,0,0,0
2014,Jason Witten,TE,69,6,0,0,0,0,0,0,0,111,73,851,8,6
2014,Matt Ryan,QB,70,7,651,439,4515,26,17,55,0,0,0,0,0,14
2014,Wes Welker,WR,71,30,0,0,0,0,0,0,0,111,73,778,10,21
2014,Danny Woodhead,RB,72,29,0,0,0,0,106,425,2,87,76,605,6,12
2014,Brandin Cooks,WR,73,31,0,0,0,0,0,0,0,0,0,0,0,0
2014,Maurice Jones-Drew,RB,74,30,0,0,0,0,235,803,5,60,43,314,0,20
2014,Trent Richardson,RB,75,31,0,0,0,0,188,563,3,52,35,316,1,30
2014,Kyle Rudolph,TE,76,7,0,0,0,0,0,0,0,46,30,313,3,35
2014,Golden Tate,WR,77,32,0,0,0,0,0,0,0,99,64,898,5,30
2014,Nick Foles,QB,78,8,317,203,2891,27,56,225,3,0,0,0,0,12
2014,Mike Wallace,WR,79,33,0,0,0,0,0,0,0,141,73,930,5,27
2014,Darren Sproles,RB,80,32,0,0,0,0,53,220,2,89,71,604,2,24
2014,Reggie Wayne,WR,81,34,0,0,0,0,0,0,0,59,39,508,2,71
2014,Fred Jackson,RB,82,33,0,0,0,0,207,896,9,65,46,375,1,10
2014,Jordan Reed,TE,83,8,0,0,0,0,0,0,0,59,45,499,3,21
2014,Jay Cutler,QB,84,9,356,225,2619,19,23,118,0,0,0,0,0,24
2014,Eric Decker,WR,85,35,0,0,0,0,0,0,0,136,87,1288,11,9
2014,Kelvin Benjamin,WR,86,36,0,0,0,0,0,0,0,0,0,0,0,0
2014,Tony Romo,QB,87,10,535,342,3842,31,20,38,0,0,0,0,0,11
2014,Knowshon Moreno,RB,88,34,0,0,0,0,242,1039,10,74,60,548,3,4
2014,Terrance Williams,WR,89,37,0,0,0,0,0,0,0,74,44,736,5,48
2014,Steven Jackson,RB,90,35,0,0,0,0,156,542,6,49,33,191,1,28
2014,Lamar Miller,RB,91,36,0,0,0,0,177,709,2,35,26,170,0,36
2014,Greg Olsen,TE,92,9,0,0,0,0,0,0,0,111,73,816,6,7
2014,Dennis Pitta,TE,93,10,0,0,0,0,0,0,0,33,20,169,1,51
2014,Carlos Hyde,RB,94,37,0,0,0,0,0,0,0,0,0,0,0,0
2014,Bernard Pierce,RB,95,38,0,0,0,0,152,436,2,25,20,104,0,53
2014,Cam Newton,QB,96,11,473,292,3379,24,111,587,6,0,0,0,0,3
2014,Justin Hunter,WR,97,38,0,0,0,0,0,0,0,42,18,354,4,93
2014,Jeremy Hill,RB,98,39,0,0,0,0,0,0,0,0,0,0,0,0
2014,Zach Ertz,TE,99,11,0,0,0,0,0,0,0,57,36,469,4,23
2014,Mike Evans,WR,100,39,0,0,0,0,0,0,0,0,0,0,0,0
2014,Mark Ingram,RB,101,40,0,0,0,0,78,386,1,11,7,68,0,62
2014,Rueben Randle,WR,102,40,0,0,0,0,0,0,0,78,41,611,6,52
2014,Riley Cooper,WR,103,41,0,0,0,0,0,0,0,83,47,833,8,31
2014,Stevan Ridley,RB,104,41,0,0,0,0,178,773,7,12,10,62,0,35
2014,Philip Rivers,QB,105,12,545,379,4478,32,28,72,0,0,0,0,0,4
2014,Devonta Freeman,RB,106,42,0,0,0,0,0,0,0,0,0,0,0,0
2014,Colin Kaepernick,QB,107,13,416,243,3197,21,95,521,4,0,0,0,0,9
2014,Sammy Watkins,WR,108,42,0,0,0,0,0,0,0,0,0,0,0,0
2014,Russell Wilson,QB,109,14,407,257,3357,26,96,539,1,0,0,0,0,8
2014,Dwayne Bowe,WR,110,43,0,0,0,0,0,0,0,103,57,672,5,43
2014,DeAndre Hopkins,WR,111,44,0,0,0,0,0,0,0,91,52,802,2,51
2014,Robert Griffin III,QB,112,15,457,275,3212,16,88,484,0,0,0,0,0,18
2014,Terrance West,RB,113,43,0,0,0,0,0,0,0,0,0,0,0,0
2014,Danny Amendola,WR,114,45,0,0,0,0,0,0,0,83,54,633,2,54
2014,Andre Williams,RB,115,44,0,0,0,0,0,0,0,0,0,0,0,0
2014,Hakeem Nicks,WR,116,46,0,0,0,0,0,0,0,101,56,896,0,46
2014,Anquan Boldin,WR,117,47,0,0,0,0,0,0,0,129,85,1179,7,15
2014,DeAngelo Williams,RB,118,45,0,0,0,0,200,833,3,36,26,333,1,25
2014,Martellus Bennett,TE,119,12,0,0,0,0,0,0,0,94,65,759,5,10
2014,Darren McFadden,RB,120,46,0,0,0,0,114,379,5,25,17,108,0,49
2014,Markus Wheaton,WR,121,48,0,0,0,0,0,0,0,13,6,64,0,147
2014,Steve Smith,WR,122,49,0,0,0,0,0,0,0,110,64,745,4,38
2014,Jordan Matthews,WR,123,50,0,0,0,0,0,0,0,0,0,0,0,0
2014,Andy Dalton,QB,124,16,586,363,4296,33,61,183,2,0,0,0,0,5
2014,Cecil Shorts,WR,125,51,0,0,0,0,0,0,0,123,66,777,3,39
2014,Ahmad Bradshaw,RB,126,47,0,0,0,0,41,186,2,8,7,42,0,76
2014,Jarrett Boykin,WR,127,52,0,0,0,0,0,0,0,83,49,681,3,53
2014,Ben Roethlisberger,QB,128,17,584,375,4261,28,26,99,1,0,0,0,0,10
2014,Khiry Robinson,RB,129,48,0,0,0,0,54,224,1,0,0,0,0,93
2014,Charles Clay,TE,130,13,0,0,0,0,0,0,0,102,69,759,6,8
2014,Kenny Britt,WR,131,53,0,0,0,0,0,0,0,35,11,96,0,133
2014,Lance Dunbar,RB,132,49,0,0,0,0,30,150,0,7,7,59,0,98
2014,Greg Jennings,WR,133,54,0,0,0,0,0,0,0,106,68,804,4,34
2014,Carson Palmer,QB,134,18,572,362,4274,24,27,3,0,0,0,0,0,17
2014,Brian Hartline,WR,135,55,0,0,0,0,0,0,0,134,76,1016,4,23
2014,Ladarius Green,TE,136,14,0,0,0,0,0,0,0,29,17,376,3,38
2014,Kenny Stills,WR,137,56,0,0,0,0,0,0,0,50,32,641,5,56
2014,Andrew Hawkins,WR,138,57,0,0,0,0,0,0,0,18,12,199,0,121
2014,LeGarrette Blount,RB,139,50,0,0,0,0,153,772,7,5,2,38,0,38
2014,Heath Miller,TE,140,15,0,0,0,0,0,0,0,78,58,593,1,19
2014,Shonn Greene,RB,141,51,0,0,0,0,77,295,4,7,6,39,0,59
2014,Chris Ivory,RB,142,52,0,0,0,0,182,833,3,7,2,10,0,47
2014,Jonathan Stewart,RB,143,53,0,0,0,0,48,180,0,7,7,44,0,91
2014,Marqise Lee,WR,144,58,0,0,0,0,0,0,0,0,0,0,0,0
2014,Tavon Austin,WR,145,59,0,0,0,0,0,0,0,67,40,418,4,58
2014,Travis Kelce,TE,146,16,0,0,0,0,0,0,0,0,0,0,0,0
2014,Ryan Tannehill,QB,147,19,588,355,3913,24,39,238,1,0,0,0,0,16
2014,Dexter McCluster,RB,148,54,0,0,0,0,8,5,0,83,53,512,2,40
2014,Christine Michael,RB,149,55,0,0,0,0,18,79,0,0,0,0,0,121
2014,Knile Davis,RB,150,56,0,0,0,0,70,242,4,15,11,75,0,58
2014,Aaron Dobson,WR,151,60,0,0,0,0,0,0,0,72,37,519,4,62
2014,Cody Latimer,WR,152,61,0,0,0,0,0,0,0,0,0,0,0,0
2014,Josh McCown,QB,153,20,224,149,1829,13,13,69,1,0,0,0,0,27
2014,Antonio Gates,TE,154,17,0,0,0,0,0,0,0,113,77,872,4,9
2014,Tim Wright,TE,155,18,0,0,0,0,0,0,0,76,54,571,5,13
2014,Benny Cunningham,RB,156,57,0,0,0,0,47,261,1,9,6,59,0,74
2014,James White,RB,157,58,0,0,0,0,0,0,0,0,0,0,0,0
2014,Eric Ebron,TE,158,19,0,0,0,0,0,0,0,0,0,0,0,0
2014,James Starks,RB,159,59,0,0,0,0,89,493,3,13,10,89,1,50
2014,Ronnie Hillman,RB,160,60,0,0,0,0,55,218,1,14,12,119,0,68
2014,James Jones,WR,161,62,0,0,0,0,0,0,0,93,59,817,3,42
2014,Kenbrell Thompkins,WR,162,63,0,0,0,0,0,0,0,69,32,466,4,68
2014,Doug Baldwin,WR,163,64,0,0,0,0,0,0,0,73,50,778,5,40
2014,Miles Austin,WR,164,65,0,0,0,0,0,0,0,49,24,244,0,112
2014,Joe Flacco,QB,165,21,614,362,3912,19,27,131,1,0,0,0,0,19
2013,Adrian Peterson,RB,1,1,0,0,0,0,348,2097,12,51,40,217,1,1
2013,Jamaal Charles,RB,2,2,0,0,0,0,284,1513,5,49,36,236,1,9
2013,Doug Martin,RB,3,3,0,0,0,0,319,1454,11,70,49,472,1,2
2013,Arian Foster,RB,4,4,0,0,0,0,351,1411,15,58,40,217,2,3
2013,Calvin Johnson,WR,5,1,0,0,0,0,0,0,0,204,122,1964,5,1
2013,CJ Spiller,RB,6,5,0,0,0,0,207,1244,6,57,43,459,2,6
2013,Ray Rice,RB,7,6,0,0,0,0,257,1143,9,83,61,478,1,4
2013,Marshawn Lynch,RB,8,7,0,0,0,0,315,1590,11,30,23,196,1,5
2013,LeSean McCoy,RB,9,8,0,0,0,0,200,840,2,67,54,373,3,16
2013,Trent Richardson,RB,10,9,0,0,0,0,267,950,11,70,51,367,1,7
2013,Alfred Morris,RB,11,10,0,0,0,0,335,1606,13,16,11,77,0,8
2013,Matt Forte,RB,12,11,0,0,0,0,248,1094,5,60,44,340,1,11
2013,Dez Bryant,WR,13,2,0,0,0,0,0,0,0,138,92,1382,12,4
2013,Jimmy Graham,TE,14,1,0,0,0,0,0,0,0,135,85,982,9,1
2013,Chris Johnson,RB,15,12,0,0,0,0,276,1243,6,49,36,226,0,13
2013,Steven Jackson,RB,16,13,0,0,0,0,257,1042,4,53,38,321,0,17
2013,AJ Green,WR,17,3,0,0,0,0,0,0,0,164,97,1350,11,3
2013,Reggie Bush,RB,18,14,0,0,0,0,227,986,6,52,35,292,2,14
2013,Brandon Marshall,WR,19,4,0,0,0,0,0,0,0,192,118,1508,11,2
2013,Stevan Ridley,RB,20,15,0,0,0,0,290,1263,12,14,6,51,0,15
2013,Maurice Jones-Drew,RB,21,16,0,0,0,0,86,414,1,18,14,86,1,53
2013,Julio Jones,WR,22,5,0,0,0,0,0,0,0,128,79,1198,10,11
2013,David Wilson,RB,23,17,0,0,0,0,71,358,4,9,4,34,1,56
2013,Demaryius Thomas,WR,24,6,0,0,0,0,0,0,0,141,94,1442,10,6
2013,Frank Gore,RB,25,18,0,0,0,0,259,1212,8,36,28,234,1,10
2013,DeMarco Murray,RB,26,19,0,0,0,0,161,663,4,41,34,247,0,26
2013,Larry Fitzgerald,WR,27,7,0,0,0,0,0,0,0,156,71,798,4,32
2013,Darren Sproles,RB,28,20,0,0,0,0,48,244,1,104,75,667,7,12
2013,Lamar Miller,RB,29,21,0,0,0,0,51,250,1,8,6,45,0,81
2013,Randall Cobb,WR,30,8,0,0,0,0,0,0,0,104,80,954,8,16
2013,Drew Brees,QB,31,1,670,422,5177,43,15,5,1,0,0,0,0,1
2013,Aaron Rodgers,QB,32,2,553,372,4303,39,54,259,2,0,0,0,0,2
2013,Darren McFadden,RB,33,22,0,0,0,0,216,707,2,63,42,258,1,25
2013,Rob Gronkowski,TE,34,2,0,0,0,0,0,0,0,79,55,790,11,5
2013,Andre Johnson,WR,35,9,0,0,0,0,0,0,0,162,112,1598,4,5
2013,Roddy White,WR,36,10,0,0,0,0,0,0,0,143,92,1351,7,9
2013,Eddie Lacy,RB,37,23,0,0,0,0,0,0,0,0,0,0,0,0
2013,Victor Cruz,WR,38,11,0,0,0,0,0,0,0,143,86,1092,10,13
2013,Vincent Jackson,WR,39,12,0,0,0,0,0,0,0,147,72,1384,8,12
2013,Peyton Manning,QB,40,3,583,400,4667,37,23,7,0,0,0,0,0,6
2013,Dwayne Bowe,WR,41,13,0,0,0,0,0,0,0,114,59,797,3,43
2013,Montee Ball,RB,42,24,0,0,0,0,0,0,0,0,0,0,0,0
2013,Jason Witten,TE,43,3,0,0,0,0,0,0,0,147,110,1039,3,3
2013,Vernon Davis,TE,44,4,0,0,0,0,0,0,0,61,41,548,5,20
2013,Danny Amendola,WR,45,14,0,0,0,0,0,0,0,101,63,666,3,50
2013,Ryan Mathews,RB,46,25,0,0,0,0,184,707,1,56,39,252,0,30
2013,Marques Colston,WR,47,15,0,0,0,0,0,0,0,130,83,1154,10,14
2013,Wes Welker,WR,48,16,0,0,0,0,0,0,0,175,118,1354,6,7
2013,Giovani Bernard,RB,49,26,0,0,0,0,0,0,0,0,0,0,0,0
2013,Reggie Wayne,WR,50,17,0,0,0,0,0,0,0,195,106,1355,5,10
2013,Chris Ivory,RB,51,27,0,0,0,0,40,217,2,3,2,15,0,86
2013,Ahmad Bradshaw,RB,52,28,0,0,0,0,221,1015,6,31,23,245,0,20
2013,Daryl Richardson,RB,53,29,0,0,0,0,98,475,0,36,24,163,0,48
2013,Shane Vereen,RB,54,30,0,0,0,0,62,251,3,13,8,149,1,59
2013,Tony Gonzalez,TE,55,5,0,0,0,0,0,0,0,124,93,930,8,2
2013,Pierre Garcon,WR,56,18,0,0,0,0,0,0,0,68,45,644,4,55
2013,Hakeem Nicks,WR,57,19,0,0,0,0,0,0,0,100,53,692,3,53
2013,Tom Brady,QB,58,4,638,401,4827,34,23,32,4,0,0,0,0,3
2013,Cam Newton,QB,59,5,485,280,3869,19,127,741,8,0,0,0,0,4
2013,Jordy Nelson,WR,60,20,0,0,0,0,0,0,0,73,49,745,7,38
2013,Matt Ryan,QB,61,6,615,422,4719,32,33,138,1,0,0,0,0,7
2013,Antonio Brown,WR,62,21,0,0,0,0,0,0,0,106,66,787,5,33
2013,Torrey Smith,WR,63,22,0,0,0,0,0,0,0,110,49,855,8,28
2013,Rashard Mendenhall,RB,64,31,0,0,0,0,51,182,0,11,9,62,1,85
2013,DeAngelo Williams,RB,65,32,0,0,0,0,173,737,5,20,13,187,2,27
2013,Eric Decker,WR,66,23,0,0,0,0,0,0,0,122,85,1064,13,8
2013,Matthew Stafford,QB,67,7,727,435,4965,20,35,128,4,0,0,0,0,11
2013,DeSean Jackson,WR,68,24,0,0,0,0,0,0,0,87,45,700,2,60
2013,Colin Kaepernick,QB,69,8,218,136,1809,10,63,417,5,0,0,0,0,25
2013,Mike Wallace,WR,70,25,0,0,0,0,0,0,0,119,64,838,8,23
2013,Kyle Rudolph,TE,71,6,0,0,0,0,0,0,0,93,53,493,9,11
2013,Mark Ingram,RB,72,33,0,0,0,0,156,602,5,10,6,29,0,41
2013,Steve Smith,WR,73,26,0,0,0,0,0,0,0,138,73,1174,4,20
2013,BenJarvus Green-Ellis,RB,74,34,0,0,0,0,278,1094,6,30,22,104,0,22
2013,Jermichael Finley,TE,75,7,0,0,0,0,0,0,0,86,61,667,2,14
2013,James Jones,WR,76,27,0,0,0,0,0,0,0,98,64,784,14,17
2013,Ben Tate,RB,77,35,0,0,0,0,65,279,2,11,11,49,0,68
2013,Andrew Luck,QB,78,9,627,339,4374,23,62,255,5,0,0,0,0,8
2013,Ronnie Hillman,RB,79,36,0,0,0,0,84,327,1,12,10,62,0,69
2013,Robert Griffin III,QB,80,10,394,259,3211,20,118,833,7,0,0,0,0,5
2013,Antonio Gates,TE,81,8,0,0,0,0,0,0,0,80,49,538,7,13
2013,Tavon Austin,WR,82,28,0,0,0,0,0,0,0,0,0,0,0,0
2013,Tony Romo,QB,83,11,648,425,4903,28,30,49,1,0,0,0,0,10
2013,TY Hilton,WR,84,29,0,0,0,0,0,0,0,90,50,861,7,31
2013,Cecil Shorts,WR,85,30,0,0,0,0,0,0,0,105,55,979,7,25
2013,Anquan Boldin,WR,86,31,0,0,0,0,0,0,0,112,65,921,4,30
2013,Fred Jackson,RB,87,37,0,0,0,0,115,437,3,42,34,217,1,35
2013,Bryce Brown,RB,88,38,0,0,0,0,115,564,4,19,13,56,0,44
2013,Russell Wilson,QB,89,12,393,252,3118,26,94,489,4,0,0,0,0,9
2013,Miles Austin,WR,90,32,0,0,0,0,0,0,0,119,66,943,6,24
2013,Bernard Pierce,RB,91,39,0,0,0,0,108,532,1,11,7,47,0,57
2013,Danny Woodhead,RB,92,40,0,0,0,0,76,301,4,55,40,446,3,23
2013,Greg Jennings,WR,93,33,0,0,0,0,0,0,0,62,36,366,4,75
2013,Jared Cook,TE,94,9,0,0,0,0,0,0,0,72,44,523,4,22
2013,Greg Olsen,TE,95,10,0,0,0,0,0,0,0,104,69,843,5,7
2013,Steve Johnson,WR,96,34,0,0,0,0,0,0,0,148,79,1046,6,18
2013,Vick Ballard,RB,97,41,0,0,0,0,211,814,2,27,17,152,1,33
2013,Josh Gordon,WR,98,35,0,0,0,0,0,0,0,92,50,805,5,40
2013,Mike Williams,WR,99,36,0,0,0,0,0,0,0,126,63,996,9,19
2013,Pierre Thomas,RB,100,42,0,0,0,0,105,473,1,53,39,354,1,32
2013,Kenny Britt,WR,101,37,0,0,0,0,0,0,0,90,45,589,4,61
2013,Eli Manning,QB,102,13,536,321,3948,26,20,30,0,0,0,0,0,14
2013,Michael Vick,QB,103,14,351,204,2362,12,62,345,1,0,0,0,0,27
2013,Golden Tate,WR,104,38,0,0,0,0,0,0,0,67,45,688,7,42
2013,Brandon Myers,TE,105,11,0,0,0,0,0,0,0,105,79,806,4,6
2013,Jacquizz Rodgers,RB,106,43,0,0,0,0,94,362,1,59,53,402,1,28
2013,Lance Moore,WR,107,39,0,0,0,0,0,0,0,104,65,1041,6,21
2013,Mikel Leshoure,RB,108,44,0,0,0,0,215,798,9,48,34,214,0,19
2013,Isaiah Pead,RB,109,45,0,0,0,0,10,54,0,4,3,16,0,131
2013,DeAndre Hopkins,WR,110,40,0,0,0,0,0,0,0,0,0,0,0,0
2013,Owen Daniels,TE,111,12,0,0,0,0,0,0,0,104,62,716,6,9
2013,Andy Dalton,QB,112,15,529,329,3669,27,47,120,4,0,0,0,0,12
2013,Michael Bush,RB,113,46,0,0,0,0,114,411,5,11,9,83,0,47
2013,Kenbrell Thompkins,WR,114,41,0,0,0,0,0,0,0,0,0,0,0,0
2013,Vincent Brown,WR,115,42,0,0,0,0,0,0,0,0,0,0,0,0
2013,Emmanuel Sanders,WR,116,43,0,0,0,0,0,0,0,74,44,626,1,68
2013,LaMichael James,RB,117,47,0,0,0,0,27,125,0,5,3,29,0,114
2013,Joseph Randle,RB,118,48,0,0,0,0,0,0,0,0,0,0,0,0
2013,Jordan Cameron,TE,119,13,0,0,0,0,0,0,0,40,20,226,1,46
2013,Ben Roethlisberger,QB,120,16,449,284,3265,26,26,92,0,0,0,0,0,18
2013,Chris Givens,WR,121,44,0,0,0,0,0,0,0,80,42,698,3,58
2013,Martellus Bennett,TE,122,14,0,0,0,0,0,0,0,90,55,626,5,12
2013,Jay Cutler,QB,123,17,434,255,3033,19,40,233,0,0,0,0,0,23
2013,Carson Palmer,QB,124,18,565,345,4018,22,18,36,1,0,0,0,0,19
2013,Michael Floyd,WR,125,45,0,0,0,0,0,0,0,86,45,562,2,65
2013,Fred Davis,TE,126,15,0,0,0,0,0,0,0,31,24,325,0,41
2013,Knowshon Moreno,RB,127,49,0,0,0,0,139,528,4,26,21,167,0,37
2013,Aaron Dobson,WR,128,46,0,0,0,0,0,0,0,0,0,0,0,0
2013,Shonn Greene,RB,129,50,0,0,0,0,276,1063,8,30,19,151,0,18
2013,Bilal Powell,RB,130,51,0,0,0,0,110,437,4,36,17,140,0,43
2013,Sidney Rice,WR,131,47,0,0,0,0,0,0,0,82,50,748,7,36
2013,Marcel Reece,RB,132,52,0,0,0,0,59,271,0,73,52,496,1,31
2013,Matt Schaub,QB,133,19,544,350,4008,22,21,-9,0,0,0,0,0,16
2013,Joique Bell,RB,134,53,0,0,0,0,82,414,3,69,52,485,0,24
2013,Joe Flacco,QB,135,20,531,317,3817,22,32,22,3,0,0,0,0,15
2013,Isaac Redman,RB,136,54,0,0,0,0,110,410,2,23,19,244,0,45
2013,Alshon Jeffery,WR,137,48,0,0,0,0,0,0,0,48,24,367,3,81
2013,Justin Blackmon,WR,138,49,0,0,0,0,0,0,0,132,64,865,5,29
2013,Tyler Eifert,TE,139,16,0,0,0,0,0,0,0,0,0,0,0,0
2013,Sam Bradford,QB,140,21,552,329,3702,21,38,128,1,0,0,0,0,17
2013,Zach Sudfeld,TE,141,17,0,0,0,0,0,0,0,0,0,0,0,0
2013,Christine Michael,RB,142,55,0,0,0,0,0,0,0,0,0,0,0,0
2013,Ryan Broyles,WR,143,50,0,0,0,0,0,0,0,32,22,310,2,91
2013,Josh Freeman,QB,144,22,558,306,4065,27,40,135,0,0,0,0,0,13
2013,Brandon Pettigrew,TE,145,18,0,0,0,0,0,0,0,102,59,565,3,18
2013,Roy Helu,RB,146,56,0,0,0,0,2,2,0,7,7,45,0,124
2013,Denarius Moore,WR,147,51,0,0,0,0,0,0,0,114,51,741,7,37
2013,LeGarrette Blount,RB,148,57,0,0,0,0,41,151,2,2,1,2,0,96
2013,Rueben Randle,WR,149,52,0,0,0,0,0,0,0,32,19,298,3,87
2013,Daniel Thomas,RB,150,58,0,0,0,0,91,325,4,22,15,156,0,49
2013,Darrius Heyward-Bey,WR,151,53,0,0,0,0,0,0,0,80,41,606,5,56
2013,Denard Robinson,RB,152,59,0,0,0,0,0,0,0,0,0,0,0,0
2013,Kendall Hunter,RB,153,60,0,0,0,0,72,371,2,12,9,60,0,62
2013,Heath Miller,TE,154,19,0,0,0,0,0,0,0,101,71,816,8,4
2013,Alex Smith,QB,155,23,218,153,1737,13,30,132,0,0,0,0,0,29
2013,Cordarrelle Patterson,WR,156,54,0,0,0,0,0,0,0,0,0,0,0,0
2013,Coby Fleener,TE,157,20,0,0,0,0,0,0,0,48,26,281,2,38
2013,Brian Hartline,WR,158,55,0,0,0,0,0,0,0,131,74,1083,1,27
2013,Ryan Tannehill,QB,159,24,484,282,3294,12,49,197,2,0,0,0,0,24
2013,Percy Harvin,WR,160,56,0,0,0,0,0,0,0,85,62,677,3,39
2013,Philip Rivers,QB,161,25,527,338,3607,26,27,40,0,0,0,0,0,21
2013,EJ Manuel,QB,162,26,0,0,0,0,0,0,0,0,0,0,0,0
2012,Arian Foster,RB,1,1,0,0,0,0,278,1224,10,72,53,617,2,4
2012,Ray Rice,RB,2,2,0,0,0,0,291,1364,12,104,76,704,3,1
2012,Aaron Rodgers,QB,3,1,502,343,4643,45,60,257,3,0,0,0,0,1
2012,Calvin Johnson,WR,4,1,0,0,0,0,0,0,0,158,96,1681,16,1
2012,LeSean McCoy,RB,5,3,0,0,0,0,273,1309,17,69,48,315,3,2
2012,Tom Brady,QB,6,2,611,401,5239,39,43,109,3,0,0,0,0,3
2012,Darren McFadden,RB,7,4,0,0,0,0,223,1157,7,61,47,507,3,8
2012,Chris Johnson,RB,8,5,0,0,0,0,262,1047,4,79,57,418,0,9
2012,Matt Forte,RB,9,6,0,0,0,0,204,999,3,76,52,490,1,12
2012,DeMarco Murray,RB,10,7,0,0,0,0,163,895,2,35,26,183,0,30
2012,Drew Brees,QB,11,3,657,468,5476,46,21,86,1,0,0,0,0,2
2012,Julio Jones,WR,12,2,0,0,0,0,0,0,0,94,54,959,8,21
2012,Maurice Jones-Drew,RB,13,8,0,0,0,0,343,1606,8,64,43,374,3,3
2012,Jamaal Charles,RB,14,9,0,0,0,0,230,1467,5,64,45,468,3,4
2012,Rob Gronkowski,TE,15,1,0,0,0,0,0,0,0,124,90,1327,17,1
2012,Fred Jackson,RB,16,10,0,0,0,0,170,934,6,50,39,442,0,14
2012,Ryan Mathews,RB,17,11,0,0,0,0,222,1091,6,59,50,455,0,7
2012,Larry Fitzgerald,WR,18,3,0,0,0,0,0,0,0,154,80,1411,8,6
2012,Steven Jackson,RB,19,12,0,0,0,0,260,1145,5,58,42,333,1,10
2012,Brandon Marshall,WR,20,4,0,0,0,0,0,0,0,141,81,1214,6,11
2012,Matthew Stafford,QB,21,4,663,421,5038,41,22,78,0,0,0,0,0,5
2012,Doug Martin,RB,22,13,0,0,0,0,0,0,0,0,0,0,0,0
2012,Darren Sproles,RB,23,14,0,0,0,0,87,603,2,111,86,710,7,5
2012,Trent Richardson,RB,24,15,0,0,0,0,0,0,0,0,0,0,0,0
2012,AJ Green,WR,25,5,0,0,0,0,0,0,0,115,65,1057,7,17
2012,Cam Newton,QB,26,5,517,310,4051,21,126,706,14,0,0,0,0,4
2012,Andre Johnson,WR,27,6,0,0,0,0,0,0,0,138,86,1216,8,7
2012,Roddy White,WR,28,7,0,0,0,0,0,0,0,179,100,1296,8,5
2012,Greg Jennings,WR,29,8,0,0,0,0,0,0,0,101,67,949,9,18
2012,Wes Welker,WR,30,9,0,0,0,0,0,0,0,173,122,1573,9,2
2012,Victor Cruz,WR,31,10,0,0,0,0,0,0,0,131,82,1536,9,3
2012,Ahmad Bradshaw,RB,32,16,0,0,0,0,171,659,9,44,34,267,2,20
2012,Jordy Nelson,WR,33,11,0,0,0,0,0,0,0,96,68,1263,15,4
2012,Hakeem Nicks,WR,34,12,0,0,0,0,0,0,0,133,76,1192,7,12
2012,Reggie Bush,RB,35,17,0,0,0,0,217,1097,6,52,43,296,1,13
2012,BenJarvus Green-Ellis,RB,36,18,0,0,0,0,180,665,11,13,9,159,0,28
2012,Percy Harvin,WR,37,13,0,0,0,0,0,0,0,120,87,967,6,8
2012,Dez Bryant,WR,38,14,0,0,0,0,0,0,0,103,63,928,9,19
2012,Matt Ryan,QB,39,6,565,347,4177,29,37,84,2,0,0,0,0,8
2012,Antonio Brown,WR,40,15,0,0,0,0,0,0,0,124,69,1108,2,24
2012,Marques Colston,WR,41,16,0,0,0,0,0,0,0,107,80,1143,8,10
2012,Eric Decker,WR,42,17,0,0,0,0,0,0,0,94,44,612,8,43
2012,Steve Smith,WR,43,18,0,0,0,0,0,0,0,129,79,1394,7,7
2012,Peyton Hillis,RB,44,19,0,0,0,0,161,587,3,34,22,130,0,44
2012,Donald Brown,RB,45,20,0,0,0,0,134,645,5,19,16,86,0,37
2012,Michael Vick,QB,46,7,423,253,3303,18,76,589,1,0,0,0,0,11
2012,Eli Manning,QB,47,8,589,359,4933,29,35,15,1,0,0,0,0,6
2012,Brandon Lloyd,WR,48,19,0,0,0,0,0,0,0,150,70,966,5,23
2012,Shonn Greene,RB,49,21,0,0,0,0,253,1054,6,41,30,211,0,19
2012,Mike Wallace,WR,50,20,0,0,0,0,0,0,0,114,72,1193,8,9
2012,DeSean Jackson,WR,51,21,0,0,0,0,0,0,0,104,58,961,4,29
2012,Kevin Smith,RB,52,22,0,0,0,0,72,356,4,28,22,179,3,40
2012,Demaryius Thomas,WR,53,22,0,0,0,0,0,0,0,70,32,551,4,62
2012,Peyton Manning,QB,54,9,680,450,4700,33,18,18,0,0,0,0,0,4
2012,Torrey Smith,WR,55,23,0,0,0,0,0,0,0,95,50,841,7,30
2012,Jeremy Maclin,WR,56,24,0,0,0,0,0,0,0,96,63,859,5,31
2012,Dwayne Bowe,WR,57,25,0,0,0,0,0,0,0,142,81,1159,5,14
2012,Ryan Williams,RB,58,23,0,0,0,0,0,0,0,0,0,0,0,0
2012,Tony Romo,QB,59,10,522,346,4184,31,22,46,1,0,0,0,0,7
2012,Jason Witten,TE,60,2,0,0,0,0,0,0,0,117,79,942,5,5
2012,Steve Johnson,WR,61,26,0,0,0,0,0,0,0,134,76,1004,7,16
2012,Vincent Jackson,WR,62,27,0,0,0,0,0,0,0,115,60,1106,9,13
2012,Michael Bush,RB,63,24,0,0,0,0,256,977,7,47,37,418,1,11
2012,Fred Davis,TE,64,3,0,0,0,0,0,0,0,88,59,796,3,13
2012,Miles Austin,WR,65,28,0,0,0,0,0,0,0,73,43,579,7,49
2012,Philip Rivers,QB,66,11,582,366,4624,27,26,36,1,0,0,0,0,9
2012,CJ Spiller,RB,67,25,0,0,0,0,107,561,4,53,39,269,2,27
2012,Reggie Wayne,WR,68,29,0,0,0,0,0,0,0,132,75,960,4,25
2012,Jonathan Stewart,RB,69,26,0,0,0,0,142,761,4,61,47,413,1,17
2012,Pierre Garcon,WR,70,30,0,0,0,0,0,0,0,134,70,947,6,22
2012,Tony Gonzalez,TE,71,4,0,0,0,0,0,0,0,116,80,875,7,4
2012,Kenny Britt,WR,72,31,0,0,0,0,0,0,0,73,42,775,9,34
2012,Jay Cutler,QB,73,12,314,182,2319,13,18,55,1,0,0,0,0,25
2012,Jacquizz Rodgers,RB,74,27,0,0,0,0,57,205,1,27,21,188,1,60
2012,Toby Gerhart,RB,75,28,0,0,0,0,109,531,1,28,23,190,3,38
2012,Rashard Mendenhall,RB,76,29,0,0,0,0,228,928,9,28,18,154,0,22
2012,Robert Griffin III,QB,77,13,0,0,0,0,0,0,0,0,0,0,0,0
2012,Greg Olsen,TE,78,5,0,0,0,0,0,0,0,89,45,540,5,18
2012,Jacob Tamme,TE,79,6,0,0,0,0,0,0,0,93,67,631,4,12
2012,Nate Washington,WR,80,32,0,0,0,0,0,0,0,121,74,1023,7,15
2012,Lance Moore,WR,81,33,0,0,0,0,0,0,0,73,52,627,8,35
2012,Danny Amendola,WR,82,34,0,0,0,0,0,0,0,123,85,689,3,29
2012,Jonathan Dwyer,RB,83,30,0,0,0,0,16,123,0,1,1,6,0,116
2012,Jermaine Gresham,TE,84,7,0,0,0,0,0,0,0,92,56,596,6,14
2012,Evan Royster,RB,85,31,0,0,0,0,56,328,0,14,10,76,0,76
2012,Robert Turbin,RB,86,32,0,0,0,0,0,0,0,0,0,0,0,0
2012,Brandon LaFell,WR,87,35,0,0,0,0,0,0,0,56,36,613,3,60
2012,Kyle Rudolph,TE,88,8,0,0,0,0,0,0,0,39,26,249,3,34
2012,Josh Freeman,QB,89,14,553,346,3590,16,55,238,4,0,0,0,0,17
2012,Greg Little,WR,90,36,0,0,0,0,0,0,0,120,61,709,2,47
2012,Brent Celek,TE,91,9,0,0,0,0,0,0,0,97,62,811,5,11
2012,Shane Vereen,RB,92,33,0,0,0,0,15,57,1,0,0,0,0,122
2011,Adrian Peterson,RB,1,1,0,0,0,0,283,1298,12,50,36,341,1,6
2011,Ray Rice,RB,2,2,0,0,0,0,308,1223,5,82,63,556,1,5
2011,Chris Johnson,RB,3,3,0,0,0,0,316,1364,11,57,44,245,1,7
2011,Arian Foster,RB,4,4,0,0,0,0,326,1614,16,84,66,604,2,1
2011,Jamaal Charles,RB,5,5,0,0,0,0,230,1467,5,64,45,468,3,4
2011,LeSean McCoy,RB,6,6,0,0,0,0,207,1080,7,90,78,592,2,2
2011,Andre Johnson,WR,7,1,0,0,0,0,0,0,0,138,86,1216,8,7
2011,Michael Vick,QB,8,1,372,233,3018,21,100,676,9,0,0,0,0,1
2011,Roddy White,WR,9,2,0,0,0,0,0,0,0,179,115,1389,10,1
2011,Calvin Johnson,WR,10,3,0,0,0,0,0,0,0,137,77,1120,12,6
2011,Maurice Jones-Drew,RB,11,7,0,0,0,0,300,1323,5,44,34,317,2,13
2011,Darren McFadden,RB,12,8,0,0,0,0,223,1157,7,61,47,507,3,8
2011,Rashard Mendenhall,RB,13,9,0,0,0,0,324,1274,13,34,23,167,0,11
2011,Larry Fitzgerald,WR,14,4,0,0,0,0,0,0,0,173,90,1137,6,11
2011,Aaron Rodgers,QB,15,2,475,312,3922,28,64,356,4,0,0,0,0,2
2011,Hakeem Nicks,WR,16,5,0,0,0,0,0,0,0,128,79,1052,11,8
2011,Vincent Jackson,WR,17,6,0,0,0,0,0,0,0,106,68,1167,9,13
2011,Frank Gore,RB,18,10,0,0,0,0,203,853,3,72,46,452,2,16
2011,Matt Forte,RB,19,11,0,0,0,0,237,1069,6,70,51,547,3,9
2011,Greg Jennings,WR,20,7,0,0,0,0,0,0,0,124,76,1265,12,5
2011,Steven Jackson,RB,21,12,0,0,0,0,330,1241,6,61,46,383,0,10
2011,Michael Turner,RB,22,13,0,0,0,0,334,1371,12,20,12,85,0,14
2011,Mike Wallace,WR,23,8,0,0,0,0,0,0,0,102,60,1257,10,9
2011,Tom Brady,QB,24,3,492,324,3900,36,31,30,1,0,0,0,0,3
2011,Miles Austin,WR,25,9,0,0,0,0,0,0,0,119,69,1041,7,13
2011,Peyton Hillis,RB,26,14,0,0,0,0,270,1177,11,77,61,477,2,3
2011,Philip Rivers,QB,27,4,541,357,4710,30,29,52,0,0,0,0,0,5
2011,Reggie Wayne,WR,28,10,0,0,0,0,0,0,0,176,111,1355,6,3
2011,Felix Jones,RB,29,15,0,0,0,0,185,800,1,52,48,450,1,22
2011,LeGarrette Blount,RB,30,16,0,0,0,0,201,1007,6,6,5,14,0,35
2011,DeSean Jackson,WR,31,11,0,0,0,0,0,0,0,96,47,1056,6,21
2011,Wes Welker,WR,32,12,0,0,0,0,0,0,0,123,86,848,7,18
2011,Drew Brees,QB,33,5,658,448,4620,33,18,-3,0,0,0,0,0,6
2011,Jahvid Best,RB,34,17,0,0,0,0,172,563,4,80,58,487,2,18
2011,Brandon Marshall,WR,35,13,0,0,0,0,0,0,0,146,86,1014,3,20
2011,Ahmad Bradshaw,RB,36,18,0,0,0,0,276,1235,8,58,47,314,0,12
2011,Antonio Gates,TE,37,1,0,0,0,0,0,0,0,65,50,782,10,3
2011,Dwayne Bowe,WR,38,14,0,0,0,0,0,0,0,133,72,1162,15,4
2011,Shonn Greene,RB,39,19,0,0,0,0,185,766,2,24,16,120,0,43
2011,Dez Bryant,WR,40,15,0,0,0,0,0,0,0,72,45,561,6,50
2011,Mike Williams,WR,41,16,0,0,0,0,0,0,0,128,64,955,11,17
2011,Jermichael Finley,TE,42,2,0,0,0,0,0,0,0,71,55,676,5,12
2011,DeAngelo Williams,RB,43,20,0,0,0,0,216,1117,7,41,29,252,0,66
2011,Jason Witten,TE,44,3,0,0,0,0,0,0,0,128,94,1002,9,1
2011,Brandon Lloyd,WR,45,17,0,0,0,0,0,0,0,153,77,1448,11,2
2011,Knowshon Moreno,RB,46,21,0,0,0,0,182,779,5,48,37,372,3,19
2011,Tony Romo,QB,47,6,213,148,1605,11,6,38,0,0,0,0,0,30
2011,Steve Johnson,WR,48,18,0,0,0,0,0,0,0,142,82,1073,10,10
2011,Mark Ingram,RB,49,22,0,0,0,0,0,0,0,0,0,0,0,0
2011,Santonio Holmes,WR,50,19,0,0,0,0,0,0,0,95,52,746,6,39
2011,Ryan Mathews,RB,51,23,0,0,0,0,157,675,7,26,22,145,0,32
2011,Marques Colston,WR,52,20,0,0,0,0,0,0,0,131,84,1022,7,14
2011,Anquan Boldin,WR,53,21,0,0,0,0,0,0,0,109,64,837,7,24
2011,Tim Hightower,RB,54,24,0,0,0,0,153,736,5,42,21,136,0,37
2011,Dallas Clark,TE,55,4,0,0,0,0,0,0,0,132,100,1106,10,1
2011,Mario Manningham,WR,56,22,0,0,0,0,0,0,0,92,60,944,9,19
2011,Beanie Wells,RB,57,25,0,0,0,0,176,793,7,16,12,143,0,62
2011,Vernon Davis,TE,58,5,0,0,0,0,0,0,0,93,56,914,7,2
2011,Percy Harvin,WR,59,23,0,0,0,0,0,0,0,109,71,871,5,22
2011,Ryan Grant,RB,60,26,0,0,0,0,282,1253,11,30,25,197,0,134
2011,Jeremy Maclin,WR,61,24,0,0,0,0,0,0,0,115,70,964,10,15
2011,Matt Schaub,QB,62,7,574,365,4369,24,22,28,0,0,0,0,0,9
2011,Chad Johnson,WR,63,25,0,0,0,0,0,0,0,126,67,831,4,33
2011,Owen Daniels,TE,64,6,0,0,0,0,0,0,0,68,38,471,2,26
2011,Jimmy Graham,TE,65,7,0,0,0,0,0,0,0,44,31,356,5,27
2011,Kenny Britt,WR,66,26,0,0,0,0,0,0,0,73,42,775,9,34
2011,Reggie Bush,RB,67,27,0,0,0,0,70,390,5,68,47,335,3,57
2011,Cedric Benson,RB,68,28,0,0,0,0,321,1111,7,37,28,178,1,20
2011,Matt Ryan,QB,69,8,571,357,3706,28,46,122,0,0,0,0,0,8
2011,Ben Roethlisberger,QB,70,9,389,240,3200,17,33,176,2,0,0,0,0,15
2011,Peyton Manning,QB,71,10,680,450,4700,33,18,18,0,0,0,0,0,4
2011,Fred Jackson,RB,72,29,0,0,0,0,222,927,5,54,31,215,2,21
2011,Danny Amendola,WR,73,27,0,0,0,0,0,0,0,123,85,689,3,29
2011,BenJarvus Green-Ellis,RB,74,30,0,0,0,0,229,1008,13,16,12,85,0,17
2011,Julio Jones,WR,75,28,0,0,0,0,0,0,0,0,0,0,0,0
2011,Santana Moss,WR,76,29,0,0,0,0,0,0,0,145,93,1115,6,12
2011,Joseph Addai,RB,77,31,0,0,0,0,116,495,4,26,19,124,0,46
2011,Austin Collie,WR,78,30,0,0,0,0,0,0,0,72,58,649,8,35
2011,Marshawn Lynch,RB,79,32,0,0,0,0,202,737,6,28,22,145,0,34
2011,Matthew Stafford,QB,80,11,96,57,535,6,4,11,1,0,0,0,0,40
2011,Mike Tolbert,RB,81,33,0,0,0,0,182,735,11,29,25,216,0,23
2011,Tony Gonzalez,TE,82,8,0,0,0,0,0,0,0,109,70,656,6,6
2011,Plaxico Burress,WR,83,31,0,0,0,0,0,0,0,0,0,0,0,0
2011,Mike Thomas,WR,84,32,0,0,0,0,0,0,0,101,66,820,4,30
2011,Daniel Thomas,RB,85,34,0,0,0,0,0,0,0,0,0,0,0,0
2011,Sidney Rice,WR,86,33,0,0,0,0,0,0,0,42,17,280,2,99
2011,Kellen Winslow,TE,87,9,0,0,0,0,0,0,0,98,66,730,5,7
2011,Malcom Floyd,WR,88,34,0,0,0,0,0,0,0,77,37,717,6,45
2011,James Starks,RB,89,35,0,0,0,0,29,101,0,4,2,15,0,113
2011,Brandon Jacobs,RB,90,36,0,0,0,0,147,823,9,13,7,59,0,29
2011,Josh Freeman,QB,91,12,474,291,3451,25,68,364,0,0,0,0,0,7
2011,Lance Moore,WR,92,35,0,0,0,0,0,0,0,95,66,763,8,23
2011,Pierre Garcon,WR,93,36,0,0,0,0,0,0,0,118,67,784,6,28
2011,Mike Sims-Walker,WR,94,37,0,0,0,0,0,0,0,80,43,562,7,49
2011,Jonathan Stewart,RB,95,37,0,0,0,0,178,770,2,14,8,103,1,45
2011,AJ Green,WR,96,38,0,0,0,0,0,0,0,0,0,0,0,0
2011,Pierre Thomas,RB,97,38,0,0,0,0,147,793,6,45,39,302,2,54
2011,Sam Bradford,QB,98,13,590,354,3512,18,27,63,1,0,0,0,0,20
2011,CJ Spiller,RB,99,39,0,0,0,0,74,283,0,32,24,157,1,61
2011,Steve Smith,WR,100,39,0,0,0,0,0,0,0,75,48,529,3,58
2011,Ben Tate,RB,101,40,0,0,0,0,0,0,0,0,0,0,0,0
2011,Eli Manning,QB,102,14,539,339,4002,31,32,70,0,0,0,0,0,11
2011,Nate Burleson,WR,103,40,0,0,0,0,0,0,0,86,55,625,6,40
2011,Danny Woodhead,RB,104,41,0,0,0,0,97,547,5,44,34,379,1,25
2011,Hines Ward,WR,105,41,0,0,0,0,0,0,0,93,59,755,5,38
2011,Marcedes Lewis,TE,106,10,0,0,0,0,0,0,0,88,58,700,10,4
2011,Johnny Knox,WR,107,42,0,0,0,0,0,0,0,99,51,960,5,32
2011,Davone Bess,WR,108,43,0,0,0,0,0,0,0,122,79,820,5,25
2011,Willis McGahee,RB,109,42,0,0,0,0,99,377,5,18,14,55,1,51
2011,Michael Bush,RB,110,43,0,0,0,0,158,655,8,24,18,194,0,27
2011,Joe Flacco,QB,111,15,489,306,3622,25,43,84,1,0,0,0,0,10
2011,Kevin Kolb,QB,112,16,189,115,1197,7,14,68,0,0,0,0,0,36
2011,Lee Evans,WR,113,44,0,0,0,0,0,0,0,83,37,578,4,59
2011,LaDainian Tomlinson,RB,114,44,0,0,0,0,219,914,6,79,52,355,0,15
2011,Brandon Pettigrew,TE,115,11,0,0,0,0,0,0,0,111,71,722,4,8
2011,Donald Driver,WR,116,45,0,0,0,0,0,0,0,86,51,565,4,53
2011,Rob Gronkowski,TE,117,12,0,0,0,0,0,0,0,59,42,546,10,11
2011,Braylon Edwards,WR,118,46,0,0,0,0,0,0,0,101,53,904,7,26
2011,Jordy Nelson,WR,119,47,0,0,0,0,0,0,0,64,45,582,2,67
2011,Michael Crabtree,WR,120,48,0,0,0,0,0,0,0,101,55,741,6,36
2011,Antonio Brown,WR,121,49,0,0,0,0,0,0,0,19,16,167,0,122
2011,Robert Meachem,WR,122,50,0,0,0,0,0,0,0,66,44,638,5,48
2011,Jacoby Ford,WR,123,51,0,0,0,0,0,0,0,54,25,470,2,66
2011,Aaron Hernandez,TE,124,13,0,0,0,0,0,0,0,64,45,563,6,14
2011,Darren Sproles,RB,125,45,0,0,0,0,51,270,0,75,59,520,2,30
2011,Matt Cassel,QB,126,17,450,262,3116,27,33,125,0,0,0,0,0,12
2011,Ryan Torain,RB,127,46,0,0,0,0,164,742,4,27,18,125,2,33
2011,Jay Cutler,QB,128,18,432,261,3274,23,51,232,1,0,0,0,0,17
2011,Roy Helu,RB,129,47,0,0,0,0,0,0,0,0,0,0,0,0
2011,Kyle Orton,QB,130,19,498,293,3652,20,22,98,0,0,0,0,0,16
2011,Greg Olsen,TE,131,14,0,0,0,0,0,0,0,69,41,404,5,23
2011,Steve Breaston,WR,132,52,0,0,0,0,0,0,0,87,47,718,1,54
2011,Roy Williams,WR,133,53,0,0,0,0,0,0,0,64,37,530,5,61
2011,Ronnie Brown,RB,134,48,0,0,0,0,200,734,5,42,33,242,0,26
2011,Greg Little,WR,135,54,0,0,0,0,0,0,0,0,0,0,0,0
2011,Emmanuel Sanders,WR,136,55,0,0,0,0,0,0,0,50,28,376,2,87
2011,Donovan McNabb,QB,137,20,472,275,3377,14,29,151,0,0,0,0,0,21
2011,Lance Kendricks,TE,138,15,0,0,0,0,0,0,0,0,0,0,0,0
2011,Jared Cook,TE,139,16,0,0,0,0,0,0,0,45,29,361,1,32
2011,Delone Carter,RB,140,49,0,0,0,0,0,0,0,0,0,0,0,0
2011,Montario Hardesty,RB,141,50,0,0,0,0,0,0,0,0,0,0,0,0
2011,Jerome Harrison,RB,142,51,0,0,0,0,71,330,1,13,12,85,0,65
2011,Brent Celek,TE,143,17,0,0,0,0,0,0,0,80,42,511,4,18
2011,Mark Sanchez,QB,144,21,507,278,3278,17,30,105,3,0,0,0,0,18
2011,Zach Miller,TE,145,18,0,0,0,0,0,0,0,92,60,685,5,10
2011,Deion Branch,WR,146,56,0,0,0,0,0,0,0,92,61,818,6,31
2011,Danario Alexander,WR,147,57,0,0,0,0,0,0,0,37,20,306,1,101
2011,Chris Cooley,TE,148,19,0,0,0,0,0,0,0,126,77,849,3,5
2011,Colt McCoy,QB,149,22,222,135,1576,6,28,136,1,0,0,0,0,33
2011,James Jones,WR,150,58,0,0,0,0,0,0,0,87,50,679,5,43
2011,Cam Newton,QB,151,23,0,0,0,0,0,0,0,0,0,0,0,0
2011,Earl Bennett,WR,152,59,0,0,0,0,0,0,0,70,46,561,3,57
2011,Dustin Keller,TE,153,20,0,0,0,0,0,0,0,101,55,687,5,13
2011,Steve Smith,WR,154,60,0,0,0,0,0,0,0,75,48,529,3,58
2011,Dexter McCluster,RB,155,52,0,0,0,0,18,71,0,39,21,209,1,68
2011,Thomas Jones,RB,156,53,0,0,0,0,245,896,6,20,14,122,0,28
2011,Mike Williams,WR,157,61,0,0,0,0,0,0,0,128,64,955,11,17
2011,Deji Karim,RB,158,54,0,0,0,0,35,160,0,7,3,10,0,95
2011,Javon Ringer,RB,159,55,0,0,0,0,51,239,2,8,7,44,0,73
2011,Devin Hester,WR,160,62,0,0,0,0,0,0,0,73,40,475,4,62
2011,Bernard Berrian,WR,161,63,0,0,0,0,0,0,0,54,28,247,0,107
2011,Tashard Choice,RB,162,56,0,0,0,0,66,243,3,22,17,109,0,60
2011,Marion Barber,RB,163,57,0,0,0,0,113,374,4,15,11,49,0,56
2011,Visanthe Shiancoe,TE,164,21,0,0,0,0,0,0,0,80,47,531,2,21
2011,Kendall Hunter,RB,165,58,0,0,0,0,0,0,0,0,0,0,0,0
2010,Chris Johnson,RB,1,1,0,0,0,0,358,2006,14,71,50,503,2,1
2010,Adrian Peterson,RB,2,2,0,0,0,0,315,1389,18,57,43,436,0,4
2010,Ray Rice,RB,3,3,0,0,0,0,254,1339,7,101,78,702,1,2
2010,Maurice Jones-Drew,RB,4,4,0,0,0,0,312,1391,15,71,53,374,1,3
2010,Andre Johnson,WR,5,1,0,0,0,0,0,0,0,171,101,1569,9,1
2010,Frank Gore,RB,6,5,0,0,0,0,229,1120,10,75,52,406,3,5
2010,Aaron Rodgers,QB,7,1,541,350,4434,30,59,304,5,0,0,0,0,1
2010,Randy Moss,WR,8,2,0,0,0,0,0,0,0,138,83,1264,13,3
2010,Michael Turner,RB,9,6,0,0,0,0,178,871,10,7,5,35,0,34
2010,Reggie Wayne,WR,10,3,0,0,0,0,0,0,0,149,100,1264,10,2
2010,Steven Jackson,RB,11,7,0,0,0,0,325,1424,4,74,50,314,0,7
2010,Calvin Johnson,WR,12,4,0,0,0,0,0,0,0,136,67,984,5,22
2010,Drew Brees,QB,13,2,514,363,4388,34,22,33,2,0,0,0,0,2
2010,Miles Austin,WR,14,5,0,0,0,0,0,0,0,124,81,1320,11,6
2010,Roddy White,WR,15,6,0,0,0,0,0,0,0,165,85,1153,11,9
2010,Ryan Mathews,RB,16,8,0,0,0,0,0,0,0,0,0,0,0,0
2010,Brandon Marshall,WR,17,7,0,0,0,0,0,0,0,154,101,1120,10,7
2010,Larry Fitzgerald,WR,18,8,0,0,0,0,0,0,0,153,97,1092,13,5
2010,Rashard Mendenhall,RB,19,9,0,0,0,0,242,1108,7,32,25,261,1,16
2010,Greg Jennings,WR,20,9,0,0,0,0,0,0,0,118,68,1113,4,21
2010,Peyton Manning,QB,21,3,571,393,4500,33,19,-13,0,0,0,0,0,4
2010,DeAngelo Williams,RB,22,10,0,0,0,0,216,1117,7,41,29,252,0,17
2010,DeSean Jackson,WR,23,10,0,0,0,0,0,0,0,118,63,1167,9,11
2010,Jamaal Charles,RB,24,11,0,0,0,0,190,1120,7,56,40,297,1,11
2010,Marques Colston,WR,25,11,0,0,0,0,0,0,0,106,70,1074,9,16
2010,Shonn Greene,RB,26,12,0,0,0,0,109,541,2,4,0,0,0,68
2010,Tom Brady,QB,27,4,565,371,4398,28,29,44,1,0,0,0,0,8
2010,Wes Welker,WR,28,12,0,0,0,0,0,0,0,162,123,1348,4,4
2010,Ryan Grant,RB,29,13,0,0,0,0,282,1253,11,30,25,197,0,10
2010,Anquan Boldin,WR,30,13,0,0,0,0,0,0,0,128,85,1029,5,18
2010,Steve Smith,WR,31,14,0,0,0,0,0,0,0,157,107,1220,7,8
2010,Pierre Thomas,RB,32,14,0,0,0,0,147,793,6,45,39,302,2,18
2010,Cedric Benson,RB,33,15,0,0,0,0,301,1251,6,24,17,111,0,20
2010,Matt Schaub,QB,34,5,583,396,4770,29,48,57,0,0,0,0,0,5
2010,LeSean McCoy,RB,35,16,0,0,0,0,155,637,4,55,40,308,0,32
2010,Jahvid Best,RB,36,17,0,0,0,0,0,0,0,0,0,0,0,0
2010,Steve Smith,WR,37,15,0,0,0,0,0,0,0,157,107,1220,7,8
2010,Tony Romo,QB,38,6,550,347,4483,26,35,105,1,0,0,0,0,6
2010,Arian Foster,RB,39,18,0,0,0,0,54,257,3,9,8,93,0,71
2010,Dallas Clark,TE,40,1,0,0,0,0,0,0,0,132,100,1106,10,1
2010,Antonio Gates,TE,41,2,0,0,0,0,0,0,0,114,79,1157,8,3
2010,Michael Crabtree,WR,42,16,0,0,0,0,0,0,0,86,48,625,2,60
2010,Jermichael Finley,TE,43,3,0,0,0,0,0,0,0,71,55,676,5,12
2010,Matt Forte,RB,44,19,0,0,0,0,258,929,4,72,57,471,0,12
2010,Chad Johnson,WR,45,17,0,0,0,0,0,0,0,128,72,1047,9,15
2010,Joseph Addai,RB,46,20,0,0,0,0,219,828,10,63,51,336,3,8
2010,Dwayne Bowe,WR,47,18,0,0,0,0,0,0,0,87,47,589,4,51
2010,Philip Rivers,QB,48,7,486,317,4254,28,26,50,1,0,0,0,0,7
2010,Beanie Wells,RB,49,21,0,0,0,0,176,793,7,16,12,143,0,38
2010,Vernon Davis,TE,50,4,0,0,0,0,0,0,0,129,78,965,13,2
2010,Jonathan Stewart,RB,51,22,0,0,0,0,221,1133,10,26,18,139,1,14
2010,Hakeem Nicks,WR,52,19,0,0,0,0,0,0,0,74,47,790,6,32
2010,Knowshon Moreno,RB,53,23,0,0,0,0,247,947,7,41,28,213,2,19
2010,Ronnie Brown,RB,54,24,0,0,0,0,147,648,8,20,14,98,0,39
2010,Jason Witten,TE,55,5,0,0,0,0,0,0,0,124,94,1030,2,5
2010,Mike Sims-Walker,WR,56,20,0,0,0,0,0,0,0,111,63,869,7,23
2010,CJ Spiller,RB,57,25,0,0,0,0,0,0,0,0,0,0,0,0
2010,Percy Harvin,WR,58,21,0,0,0,0,0,0,0,91,60,790,6,24
2010,Hines Ward,WR,59,22,0,0,0,0,0,0,0,137,95,1167,6,12
2010,Pierre Garcon,WR,60,23,0,0,0,0,0,0,0,92,47,765,4,38
2010,Brent Celek,TE,61,6,0,0,0,0,0,0,0,112,76,971,8,4
2010,Reggie Bush,RB,62,26,0,0,0,0,70,390,5,68,47,335,3,28
2010,Malcom Floyd,WR,63,24,0,0,0,0,0,0,0,76,45,776,1,54
2010,Ahmad Bradshaw,RB,64,27,0,0,0,0,163,778,7,30,21,207,0,31
2010,Felix Jones,RB,65,28,0,0,0,0,116,685,3,22,19,119,0,43
2010,Joe Flacco,QB,66,8,499,315,3613,21,35,56,0,0,0,0,0,17
2010,Donald Driver,WR,67,25,0,0,0,0,0,0,0,112,70,1061,6,19
2010,Kevin Kolb,QB,68,9,96,62,741,4,5,-1,1,0,0,0,0,38
2010,Tony Gonzalez,TE,69,7,0,0,0,0,0,0,0,135,83,867,6,6
2010,Justin Forsett,RB,70,29,0,0,0,0,115,619,4,57,41,350,1,27
2010,Jeremy Maclin,WR,71,26,0,0,0,0,0,0,0,90,55,762,4,35
2010,Santana Moss,WR,72,27,0,0,0,0,0,0,0,120,70,902,3,28
2010,Terrell Owens,WR,73,28,0,0,0,0,0,0,0,109,55,829,5,26
2010,Johnny Knox,WR,74,29,0,0,0,0,0,0,0,80,45,527,5,56
2010,Mike Wallace,WR,75,30,0,0,0,0,0,0,0,72,39,756,6,36
2010,Jerome Harrison,RB,76,30,0,0,0,0,194,862,5,50,34,220,2,22
2010,Marion Barber,RB,77,31,0,0,0,0,214,932,7,36,26,221,0,23
2010,Jay Cutler,QB,78,10,555,336,3666,27,40,173,1,0,0,0,0,12
2010,Ricky Williams,RB,79,32,0,0,0,0,241,1121,11,53,35,264,2,6
2010,Owen Daniels,TE,80,8,0,0,0,0,0,0,0,58,40,519,5,18
2010,Dez Bryant,WR,81,31,0,0,0,0,0,0,0,0,0,0,0,0
2010,Carnell Williams,RB,82,33,0,0,0,0,0,0,0,0,0,0,0,0
2010,Brandon Jacobs,RB,83,34,0,0,0,0,224,835,5,31,18,184,1,33
2010,Clinton Portis,RB,84,35,0,0,0,0,124,494,1,12,9,57,1,59
2010,TJ Houshmandzadeh,WR,85,32,0,0,0,0,0,0,0,135,79,911,3,25
2010,Michael Bush,RB,86,36,0,0,0,0,123,589,3,19,17,105,0,45
2010,Santonio Holmes,WR,87,33,0,0,0,0,0,0,0,138,79,1248,5,14
2010,Brett Favre,QB,88,11,531,363,4202,33,9,7,0,0,0,0,0,3
2010,Robert Meachem,WR,89,34,0,0,0,0,0,0,0,64,45,722,9,27
2010,Chris Cooley,TE,90,9,0,0,0,0,0,0,0,45,29,332,2,27
2010,Matt Ryan,QB,91,12,451,263,2916,22,30,49,1,0,0,0,0,19
2010,LaDainian Tomlinson,RB,92,37,0,0,0,0,223,730,12,30,20,154,0,24
2010,Devin Aromashodu,WR,93,35,0,0,0,0,0,0,0,43,24,298,4,83
2010,Eli Manning,QB,94,13,509,317,4021,27,17,65,0,0,0,0,0,10
2010,Thomas Jones,RB,95,38,0,0,0,0,332,1402,14,18,10,58,0,9
2010,Derrick Mason,WR,96,36,0,0,0,0,0,0,0,134,73,1028,7,17
2010,Steve Breaston,WR,97,37,0,0,0,0,0,0,0,82,55,712,3,41
2010,Braylon Edwards,WR,98,38,0,0,0,0,0,0,0,94,45,680,4,48
2010,Tim Hightower,RB,99,39,0,0,0,0,143,598,8,80,63,428,0,15
2010,Visanthe Shiancoe,TE,100,10,0,0,0,0,0,0,0,79,56,566,11,9
2010,Carson Palmer,QB,101,14,466,282,3094,21,39,93,3,0,0,0,0,18
2010,Eddie Royal,WR,102,39,0,0,0,0,0,0,0,79,37,345,0,91
2010,Donald Brown,RB,103,40,0,0,0,0,79,281,3,14,11,169,0,60
2010,Jabar Gaffney,WR,104,40,0,0,0,0,0,0,0,87,54,732,2,45
2010,Fred Jackson,RB,105,41,0,0,0,0,238,1062,2,60,46,371,2,13
2010,Darren McFadden,RB,106,42,0,0,0,0,104,357,1,36,21,245,0,53
2010,Zach Miller,TE,107,11,0,0,0,0,0,0,0,100,66,805,3,11
2010,Vincent Jackson,WR,108,41,0,0,0,0,0,0,0,106,68,1167,9,13
2010,Steve Slaton,RB,109,43,0,0,0,0,131,437,3,55,44,417,4,29
2010,Julian Edelman,WR,110,42,0,0,0,0,0,0,0,54,37,359,1,82
2010,Bernard Berrian,WR,111,43,0,0,0,0,0,0,0,92,55,618,4,44
2010,Donovan McNabb,QB,112,15,443,267,3553,22,37,140,2,0,0,0,0,11
2010,Devin Hester,WR,113,44,0,0,0,0,0,0,0,91,57,757,3,37
2010,Darren Sproles,RB,114,44,0,0,0,0,93,343,3,57,45,497,4,26
2010,Ben Roethlisberger,QB,115,16,506,337,4328,26,40,80,2,0,0,0,0,9
2010,Lee Evans,WR,116,45,0,0,0,0,0,0,0,95,44,612,7,40
2010,Kellen Winslow,TE,117,12,0,0,0,0,0,0,0,127,77,884,5,7
2010,Montario Hardesty,RB,118,45,0,0,0,0,0,0,0,0,0,0,0,0
2010,Anthony Gonzalez,WR,119,46,0,0,0,0,0,0,0,0,0,0,0,0
2010,Mike Williams,WR,120,47,0,0,0,0,0,0,0,0,0,0,0,0
2010,Kenny Britt,WR,121,48,0,0,0,0,0,0,0,75,42,701,3,55
2010,Laurence Maroney,RB,122,46,0,0,0,0,194,757,9,17,14,99,0,36
2010,Mohamed Massaquoi,WR,123,49,0,0,0,0,0,0,0,95,34,624,3,65
2010,Matthew Stafford,QB,124,17,377,201,2267,13,20,108,2,0,0,0,0,26
2010,Chester Taylor,RB,125,47,0,0,0,0,93,332,1,59,44,389,1,40
2010,Chad Henne,QB,126,18,451,274,2878,12,16,32,1,0,0,0,0,23
2010,Alex Smith,QB,127,19,372,225,2350,18,24,51,0,0,0,0,0,22
2010,Jacoby Jones,WR,128,50,0,0,0,0,0,0,0,40,27,437,6,67
2010,Austin Collie,WR,129,51,0,0,0,0,0,0,0,90,60,676,7,29
2010,Willis McGahee,RB,130,48,0,0,0,0,109,544,12,22,15,85,2,30
2010,Joshua Cribbs,WR,131,52,0,0,0,0,0,0,0,0,0,0,0,0
2010,Demaryius Thomas,WR,132,53,0,0,0,0,0,0,0,0,0,0,0,0
2010,Roy Williams,WR,133,54,0,0,0,0,0,0,0,86,38,596,7,47
2010,Nate Burleson,WR,134,55,0,0,0,0,0,0,0,103,63,812,3,34
2010,Leon Washington,RB,135,49,0,0,0,0,71,330,0,26,15,131,0,70
2010,Dexter McCluster,RB,136,50,0,0,0,0,0,0,0,0,0,0,0,0
2010,Legedu Naanee,WR,137,56,0,0,0,0,0,0,0,29,24,242,2,97
2010,Sidney Rice,WR,138,57,0,0,0,0,0,0,0,121,83,1312,8,10
2010,Golden Tate,WR,139,58,0,0,0,0,0,0,0,0,0,0,0,0
2010,Jerricho Cotchery,WR,140,59,0,0,0,0,0,0,0,96,57,821,3,31
2010,John Carlson,TE,141,13,0,0,0,0,0,0,0,83,51,574,7,13
2010,Vince Young,QB,142,20,259,152,1879,10,55,281,2,0,0,0,0,24
2010,Laurent Robinson,WR,143,60,0,0,0,0,0,0,0,23,13,167,1,114
2010,Mark Sanchez,QB,144,21,363,196,2444,12,36,106,3,0,0,0,0,25
2010,Kevin Boss,TE,145,14,0,0,0,0,0,0,0,69,42,567,5,16
2010,Heath Miller,TE,146,15,0,0,0,0,0,0,0,98,76,789,6,8
2010,Dustin Keller,TE,147,16,0,0,0,0,0,0,0,82,45,522,2,19
2010,Matt Cassel,QB,148,22,493,271,2924,16,50,196,0,0,0,0,0,20
2010,Bernard Scott,RB,149,51,0,0,0,0,74,321,0,8,5,67,0,79
2010,Mike Williams,WR,150,61,0,0,0,0,0,0,0,0,0,0,0,0
2010,Kevin Smith,RB,151,52,0,0,0,0,217,747,4,56,40,409,1,21
2010,Devery Henderson,WR,152,62,0,0,0,0,0,0,0,83,51,804,2,42
2010,Greg Olsen,TE,153,17,0,0,0,0,0,0,0,108,60,612,8,10
2010,Larry Johnson,RB,154,53,0,0,0,0,178,562,0,21,15,80,0,57
2010,Jermaine Gresham,TE,155,18,0,0,0,0,0,0,0,0,0,0,0,0
2010,Correll Buckhalter,RB,156,54,0,0,0,0,120,642,1,38,31,240,0,41
2010,Jason Campbell,QB,157,23,507,327,3618,20,47,236,1,0,0,0,0,14
2010,Fred Taylor,RB,158,55,0,0,0,0,63,269,4,3,2,17,0,75
2010,Brian Westbrook,RB,159,56,0,0,0,0,61,274,1,34,25,181,1,52
2010,Mike Bell,RB,160,57,0,0,0,0,172,654,5,4,4,12,0,47
2010,Toby Gerhart,RB,161,58,0,0,0,0,0,0,0,0,0,0,0,0
2010,Rashad Jennings,RB,162,59,0,0,0,0,39,202,1,18,16,101,0,76
2010,Greg Camarillo,WR,163,63,0,0,0,0,0,0,0,71,50,552,0,71
2010,Rob Gronkowski,TE,164,19,0,0,0,0,0,0,0,0,0,0,0,0
2010,Tashard Choice,RB,165,60,0,0,0,0,64,349,3,22,15,132,0,54
2010,Peyton Hillis,RB,166,61,0,0,0,0,13,54,1,6,4,19,0,116
2010,Mike Thomas,WR,167,64,0,0,0,0,0,0,0,62,48,453,1,70
2010,James Davis,RB,168,62,0,0,0,0,9,15,0,5,4,5,0,139
2010,Jeremy Shockey,TE,169,20,0,0,0,0,0,0,0,67,48,569,3,17
2010,Louis Murphy,WR,170,65,0,0,0,0,0,0,0,96,34,521,4,64
2010,Kyle Orton,QB,171,24,541,336,3802,21,24,71,0,0,0,0,0,16
2010,Devin Thomas,WR,172,66,0,0,0,0,0,0,0,47,25,325,3,86
2010,Chris Chambers,WR,173,67,0,0,0,0,0,0,0,92,45,730,5,39
2010,Anthony Dixon,RB,174,63,0,0,0,0,0,0,0,0,0,0,0,0
2010,Kareem Huggins,RB,175,64,0,0,0,0,0,0,0,0,0,0,0,0
2010,James Jones,WR,176,68,0,0,0,0,0,0,0,63,32,440,5,69
2010,Sam Bradford,QB,177,25,0,0,0,0,0,0,0,0,0,0,0,0
2010,Marshawn Lynch,RB,178,65,0,0,0,0,120,450,2,37,28,179,0,44
2010,Mario Manningham,WR,179,69,0,0,0,0,0,0,0,99,57,822,5,30
2010,Kevin Walter,WR,180,70,0,0,0,0,0,0,0,70,53,611,2,53
2010,Davone Bess,WR,181,71,0,0,0,0,0,0,0,113,76,758,2,33
2010,Matt Hasselbeck,QB,182,26,488,293,3029,17,26,119,0,0,0,0,0,21
2010,Matt Moore,QB,183,27,138,85,1053,8,12,-3,0,0,0,0,0,31
2010,Derek Anderson,QB,184,28,182,81,888,3,10,8,2,0,0,0,0,44
2010,David Garrard,QB,185,29,516,314,3597,15,77,323,3,0,0,0,0,15
2010,Early Doucet,WR,186,72,0,0,0,0,0,0,0,24,17,214,1,105
2010,Lance Moore,WR,187,73,0,0,0,0,0,0,0,19,14,153,2,107
