Player,Top-12,13-24,25-36,Rest
Russell Wilson,52,32,12,0
Cam Newton,62,39,9,1
Alex Smith,61,68,33,23
Tom Brady,76,35,13,0
Kirk Cousins,37,22,13,0
Carson Wentz,12,14,3,0
Philip Rivers,61,49,18,0
Matthew Stafford,62,38,14,13
Drew Brees,77,43,7,0
Dak Prescott,18,8,6,0
Ben Roethlisberger,55,42,16,4
Jared Goff,6,10,6,0
Blake Bortles,25,24,6,4
Case Keenum,14,13,19,5
Matt Ryan,60,54,14,0
Tyrod Taylor,29,20,14,7
Andy Dalton,46,42,21,0
Marcus Mariota,16,15,10,1
Jacoby Brissett,4,9,6,0
Josh McCown,16,19,11,2
Derek Carr,21,26,15,0
Jameis Winston,17,24,4,0
Eli Manning,47,49,31,0
Joe Flacco,39,58,25,0
DeShone Kizer,7,1,7,0
Deshaun Watson,5,1,1,0
Jay Cutler,34,40,25,2
Mitchell Trubisky,2,5,5,0
Aaron Rodgers,78,21,11,1
Trevor Siemian,6,9,10,1
Brett Hundley,2,3,9,1
Carson Palmer,40,45,16,0
CJ Beathard,1,4,1,0
Jimmy Garoppolo,4,5,5,7
Ryan Fitzpatrick,36,43,25,3
Brock Osweiler,7,11,17,13
Brian Hoyer,15,15,30,15
Blaine Gabbert,17,21,22,0
Tom Savage,5,7,8,7
Drew Stanton,11,13,8,16
TJ Yates,4,2,20,7
Kevin Hogan,2,0,5,0
Nick Foles,14,14,19,1
Mike Glennon,10,11,12,1
Matt Moore,7,15,13,20
Sam Bradford,19,44,17,0
Bryce Petty,0,3,6,1
David Fales,1,0,2,0
Paxton Lynch,0,2,3,0
EJ Manuel,4,10,10,1
Nathan Peterman,0,0,4,0
Patrick Mahomes,0,1,0,0
Ryan Mallett,1,11,16,11
Geno Smith,10,12,13,0
Landry Jones,1,3,10,3
Nate Sudfeld,0,0,1,0
Sean Mannion,0,0,6,1
Cody Kessler,1,2,9,0
AJ McCarron,0,3,6,0
Matt Cassel,12,21,21,6
Cooper Rush,0,0,2,0
Scott Tolzien,0,2,4,2
Taylor Heinicke,0,0,1,0
Derek Anderson,2,7,20,9
Joe Callahan,0,0,1,0
Austin Davis,2,1,10,0
Chase Daniel,1,0,30,13
Chad Henne,7,23,19,2
Jake Rudock,0,0,1,0
Kellen Clemens,7,10,13,21
Tyler Bray,0,0,0,1
Teddy Bridgewater,4,7,5,4
Todd Gurley,20,14,3,7
Le'Veon Bell,38,16,3,5
Alvin Kamara,10,3,1,2
Kareem Hunt,7,4,4,1
Melvin Gordon,16,12,4,11
Mark Ingram,25,19,20,33
LeSean McCoy,60,27,11,13
Carlos Hyde,11,15,6,20
Leonard Fournette,6,5,0,2
Christian McCaffrey,5,6,3,2
Duke Johnson,8,11,16,13
Ezekiel Elliott,17,6,1,1
Devonta Freeman,22,14,4,18
Jordan Howard,10,9,4,8
Dion Lewis,6,8,10,26
Lamar Miller,13,19,14,36
Jerick McKinnon,9,6,9,39
CJ Anderson,7,9,11,29
DeMarco Murray,31,18,18,28
Alex Collins,5,1,5,13
Frank Gore,29,33,21,38
Tevin Coleman,6,9,8,17
Javorius Allen,7,3,5,20
Chris Thompson,11,9,21,29
Marshawn Lynch,37,29,18,32
Latavius Murray,21,12,12,17
Theo Riddick,7,14,13,32
Giovani Bernard,10,19,18,24
Bilal Powell,16,13,24,37
Jamaal Williams,3,3,0,8
Isaiah Crowell,7,13,9,33
Joe Mixon,1,5,2,6
Kenyan Drake,5,3,1,18
Tarik Cohen,1,3,4,8
Orleans Darkwa,7,8,7,20
Jay Ajayi,4,14,15,19
Derrick Henry,4,5,1,20
James White,7,6,13,31
Rex Burkhead,3,3,3,29
Ameer Abdullah,3,6,5,17
Matt Forte,42,27,12,23
Jonathan Stewart,12,18,21,48
Samaje Perine,2,1,4,6
Austin Ekeler,1,3,1,8
LeGarrette Blount,15,15,20,58
Wayne Gallman,0,4,2,7
Matt Breida,1,4,0,11
Marlon Mack,1,4,0,9
JD McKissic,1,0,5,7
Rod Smith,1,2,1,13
Ty Montgomery,6,4,4,12
Devontae Booker,1,7,5,16
Corey Clement,1,0,3,10
TJ Yeldon,5,13,6,13
Andre Ellington,12,10,14,39
Jalen Richard,2,5,3,21
Shane Vereen,8,10,9,44
Peyton Barber,1,4,1,14
DeAndre Washington,2,2,0,24
Chris Ivory,11,16,6,54
Aaron Jones,2,0,1,7
Adrian Peterson,43,21,11,33
Elijah McGuire,1,1,1,12
Doug Martin,22,21,8,22
Charles Sims,3,7,8,27
Charcandrick West,9,4,5,37
Alfred Morris,7,16,15,39
Kyle Juszczyk,0,3,13,45
Mike Gillislee,4,5,5,16
Kerwynn Williams,0,2,6,22
Jamaal Charles,38,11,11,29
Dalvin Cook,2,0,2,0
Damien Williams,3,4,8,39
Danny Woodhead,28,24,21,47
D'Onta Foreman,1,0,1,7
Benny Cunningham,2,5,5,51
Mike Davis,0,1,4,12
Mike Tolbert,21,16,23,62
Jacquizz Rodgers,4,11,12,57
Wendell Smallwood,0,2,3,15
Malcolm Brown,0,0,2,18
Alfred Blue,3,6,6,36
Rob Kelley,2,4,4,11
Corey Grant,1,2,2,14
Kapri Bibbs,1,2,0,8
Chris Carson,0,1,2,1
Travaris Cadet,6,14,10,37
DJ Foster,0,0,0,9
Elijhaa Penny,0,0,1,6
Thomas Rawls,4,1,5,20
Tion Green,0,0,2,3
Tommy Bohanon,0,1,0,34
Eddie Lacy,10,10,6,24
Terrance West,5,7,5,33
Robert Turbin,7,5,8,66
Kenjon Barner,0,0,3,24
Paul Perkins,0,0,3,17
CJ Ham,0,0,0,10
Anthony Sherman,0,2,2,46
Chris Johnson,23,18,24,31
Jamize Olawale,1,1,6,36
Darren Sproles,25,29,20,35
Fozzy Whittaker,1,3,5,48
Jeremy Hill,8,9,13,24
CJ Prosise,1,2,1,6
Branden Oliver,2,6,0,22
Stevan Ridley,9,9,7,46
Cameron Artis-Payne,1,3,0,10
Andy Janovich,0,0,1,15
Roosevelt Nix,0,0,0,8
James Conner,0,0,0,12
David Johnson,17,7,2,7
Tyler Ervin,0,0,0,8
Byron Marshall,0,0,0,5
Aaron Ripkowski,0,1,2,19
Lance Dunbar,1,1,7,31
Zach Line,0,0,0,26
Trey Edmunds,0,0,1,0
James Develin,1,3,2,23
Terron Ward,0,1,1,16
Patrick DiMarco,2,0,1,40
Akeem Hunt,0,0,0,20
Zach Zenner,2,0,2,18
Tre Madden,0,0,1,1
Brandon Bolden,5,8,9,29
Matt Dayes,0,0,0,5
Derek Watt,0,0,0,12
Dwayne Washington,0,0,1,15
Jay Prosch,0,1,1,25
Bobby Rainey,4,3,4,37
Marcus Murphy,0,0,0,4
Jalston Fowler,0,0,0,13
De'Veon Smith,0,0,0,1
Fitzgerald Toussaint,2,0,0,22
Josh Ferguson,0,0,2,9
Mack Brown,0,1,0,2
Dan Vitale,0,0,0,10
Derrick Coleman,0,0,1,22
Senorise Perry,0,0,0,11
Michael Burton,0,0,1,15
Brian Hill,0,0,0,3
Andre Williams,1,4,3,27
David Fluellen,0,0,0,3
Taiwan Jones,1,0,1,27
Matt Jones,4,1,4,13
LeShun Daniels Jr,0,0,0,2
Joe Kerridge,0,0,0,2
Devante Mays,0,0,0,2
Raheem Mostert,0,0,0,5
Terrell Watson,0,0,1,5
John Kuhn,4,1,13,77
Justin Davis,0,0,0,1
CJ Spiller,17,11,14,56
Marquez Williams,0,0,0,1
Bronson Hill,0,0,0,2
Darren McFadden,25,16,8,26
DeAndre Hopkins,20,14,6,26
Antonio Brown,34,20,12,52
Keenan Allen,13,13,8,13
Jarvis Landry,17,9,13,10
Larry Fitzgerald,31,32,13,48
Michael Thomas,13,8,3,7
Julio Jones,34,14,11,22
Tyreek Hill,7,6,6,12
Adam Thielen,9,1,8,25
AJ Green,30,25,11,23
Marvin Jones,10,7,16,38
Golden Tate,17,13,11,70
Davante Adams,12,5,5,25
Doug Baldwin,17,15,13,61
Brandin Cooks,14,10,8,22
Demaryius Thomas,29,21,19,43
Mike Evans,18,8,8,16
Robby Anderson,2,7,2,18
Stefon Diggs,8,9,4,18
Devin Funchess,5,4,5,32
JuJu Smith-Schuster,4,2,2,5
Alshon Jeffery,11,12,17,29
Nelson Agholor,4,3,4,32
Dez Bryant,26,24,12,42
Cooper Kupp,4,2,1,8
Jermaine Kearse,3,5,10,45
TY Hilton,19,14,9,43
Kenny Stills,7,7,9,46
Marquise Goodwin,2,8,4,29
Mohamed Sanu,4,9,11,46
Michael Crabtree,19,19,27,39
Jamison Crowder,5,9,6,27
Ted Ginn Jr,8,9,14,69
Amari Cooper,10,8,5,23
Randall Cobb,10,16,10,49
Rishard Matthews,7,6,11,38
Robert Woods,4,8,5,40
Mike Wallace,24,22,18,54
Paul Richardson,1,2,2,26
Sammy Watkins,8,5,5,28
Marqise Lee,2,8,9,33
Sterling Shepard,4,5,6,12
Danny Amendola,9,11,17,48
DeSean Jackson,17,22,9,48
Tyrell Williams,5,6,5,18
Jordy Nelson,27,12,17,40
Kelvin Benjamin,6,13,12,23
Keelan Cole,2,2,0,12
Martavis Bryant,4,7,4,15
DeVante Parker,2,7,9,18
Adam Humphries,1,4,4,33
Kendall Wright,7,12,9,42
Ryan Grant,5,4,8,67
Brandon LaFell,6,17,8,73
Travis Benjamin,5,7,7,46
Josh Doctson,0,1,4,12
Tyler Lockett,5,3,4,33
Eric Decker,18,15,14,56
Albert Wilson,2,2,6,32
Emmanuel Sanders,14,13,14,74
Will Fuller,5,1,1,17
Terrance Williams,5,4,12,46
Chris Hogan,4,5,8,22
Deonte Thompson,3,6,1,39
Jaron Brown,1,1,4,26
Jeremy Maclin,14,20,14,46
Allen Hurns,6,3,6,35
Trent Taylor,0,1,2,11
Kenny Golladay,1,1,0,9
JJ Nelson,5,1,4,27
Chris Godwin,1,1,2,11
Cole Beasley,6,5,7,56
Seth Roberts,1,1,1,44
Pierre Garcon,18,14,30,48
Roger Lewis,0,0,2,21
Cordarrelle Patterson,2,5,4,50
Bennie Fowler,0,1,3,33
Taylor Gabriel,1,8,3,40
Torrey Smith,9,11,11,61
TJ Jones,0,1,1,19
Bruce Ellington,0,2,2,24
Odell Beckham Jr,17,8,0,11
Brandon Coleman,0,4,2,37
Donte Moncrief,2,6,11,26
Zay Jones,0,1,2,10
John Brown,3,8,8,31
Corey Davis,0,2,0,9
Rashard Higgins,1,1,0,22
Josh Bellamy,0,1,4,32
Dede Westbrook,0,2,1,4
Corey Coleman,1,3,1,14
Dontrelle Inman,4,5,4,36
Brice Butler,0,4,2,40
Ricardo Louis,0,0,3,19
Justin Hardy,0,1,0,29
Tavarres King,1,0,1,10
Chris Moore,0,0,2,17
Cody Latimer,0,2,1,21
Chester Rogers,1,0,0,19
Kenny Britt,6,11,12,70
Josh Gordon,10,6,3,18
Jordan Matthews,9,5,8,26
Aldrick Robinson,0,4,9,39
Tyler Boyd,2,1,1,22
Terrelle Pryor,2,8,2,30
Jarius Wright,1,2,5,48
Taywan Taylor,0,1,0,15
Michael Campanaro,0,0,1,21
Geronimo Allison,1,1,0,15
Jeremy Kerley,3,7,12,52
Russell Shepard,0,2,1,28
Johnny Holton,0,1,2,10
Mack Hollins,0,1,0,10
Jakeem Grant,1,0,1,11
Tavon Austin,5,6,4,44
Andre Holmes,2,3,4,49
Demarcus Robinson,0,0,1,9
Kendrick Bourne,0,0,1,9
Braxton Miller,0,0,2,17
De'Anthony Thomas,0,1,2,24
Eli Rogers,1,2,2,20
Alex Erickson,0,0,1,15
Laquon Treadwell,0,0,0,15
Damiere Byrd,0,1,0,8
Brandon Marshall,35,17,18,36
Curtis Samuel,0,0,0,8
Phillip Dorsett,0,0,4,31
Chris Conley,0,1,1,28
Kamar Aiken,2,4,4,41
Josh Reynolds,0,0,1,7
Jordan Taylor,0,0,1,16
Tommylee Lewis,0,0,0,15
Louis Murphy,1,3,3,54
Tre McBride,0,1,0,6
Jaydon Mickens,1,0,0,4
Brenton Bersin,1,0,0,14
Mike Williams,19,21,10,47
Brandon Tate,1,2,2,59
Josh Malone,0,1,0,8
Chad Hansen,0,0,0,6
Travis Rudolph,0,0,0,6
Pharoh Cooper,0,0,0,18
Michael Floyd,5,11,13,46
Breshad Perriman,0,2,0,24
Kasen Williams,0,0,0,7
ArDarius Stewart,0,0,0,9
Hunter Sharp,0,0,2,4
Maurice Harris,0,0,1,8
Darrius Heyward-Bey,6,6,10,65
Willie Snead,4,8,2,24
Kaelin Clay,0,0,0,22
Amara Darboh,0,0,0,8
Freddie Martino,0,1,3,11
Mike Thomas,2,5,4,58
Tanner McEvoy,0,0,1,14
Marvin Hall,0,0,1,5
Leonte Carroo,0,0,1,8
Brian Quick,6,5,9,50
Trevor Davis,0,0,0,10
Sammie Coates,1,1,0,15
Carlos Henderson,0,0,1,2
Jaelen Strong,1,1,0,15
Justin Hunter,2,0,0,35
Brittan Golden,0,0,0,12
Bryce Treggs,0,0,0,12
Bobo Wilson,0,0,0,3
Ryan Switzer,0,0,0,6
Markus Wheaton,2,3,2,25
Michael Clark,0,0,0,2
Jared Abbrederis,0,0,1,8
Noah Brown,0,0,0,7
Quan Bray,0,0,0,5
Tanner Gentry,0,0,0,4
Griff Whalen,0,1,5,15
Vince Mayle,0,0,0,4
Nick Williams,0,0,0,14
Marcus Johnson,0,0,0,4
Bernard Reedy,0,0,0,4
Chris Matthews,0,0,0,23
Joe Webb,0,1,0,38
JoJo Natson,0,0,0,3
Jehu Chesson,0,0,0,2
Jordan Leslie,0,0,0,1
DeAndrew White,0,0,0,3
Darius Powe,0,0,0,1
Isaiah McKenzie,0,0,0,8
Jeff Janis,0,0,2,21
Shelton Gibson,0,0,0,1
Allen Robinson,11,9,8,17
Kevin White,0,0,1,4
Arrelious Benn,1,2,2,38
Cobi Hamilton,0,1,1,11
Harry Douglas,4,2,13,69
Eric Weems,0,0,1,46
Larry Pinkard,0,0,0,1
Max McCaffrey,0,0,0,1
Charone Peake,0,0,0,12
Matt Hazel,0,0,0,2
Andre Roberts,5,6,3,81
Kalif Raymond,0,0,0,6
Cody Core,0,0,0,8
Ed Eagan,0,0,0,1
Isaac Whitney,0,0,0,1
KJ Brent,0,0,0,1
Marquis Bundy,0,0,0,1
Stacy Coley,0,0,0,1
John Ross,0,0,0,3
Travis Kelce,29,13,5,3
Rob Gronkowski,63,15,11,12
Zach Ertz,29,11,19,9
Delanie Walker,40,32,18,33
Evan Engram,8,3,1,3
Jimmy Graham,64,19,8,22
Jack Doyle,13,13,7,17
Kyle Rudolph,46,20,22,15
Jason Witten,56,35,12,12
Cameron Brate,17,9,10,11
Ben Watson,34,22,23,24
Jared Cook,27,38,22,28
Eric Ebron,19,14,8,10
Hunter Henry,13,5,5,2
Tyler Kroft,7,5,4,11
Vernon Davis,46,25,18,41
Austin Hooper,6,10,1,10
Charles Clay,24,30,22,23
George Kittle,3,4,5,3
Austin Seferian-Jenkins,12,11,11,11
OJ Howard,4,2,1,6
Jesse James,5,12,5,13
Julius Thomas,23,8,17,20
David Njoku,2,5,3,6
Marcedes Lewis,26,38,23,26
Ed Dickson,12,21,25,50
Antonio Gates,48,22,14,26
Garrett Celek,6,12,7,26
Trey Burton,4,6,7,16
Jermaine Gresham,37,36,22,25
Seth Devalve,0,11,4,9
Stephen Anderson,1,5,8,9
Nick O'Leary,1,3,9,13
Coby Fleener,18,24,19,24
Tyler Higbee,1,4,8,12
Jordan Reed,25,16,5,11
Rhett Ellison,5,8,9,31
Martellus Bennett,22,36,31,30
Zach Miller,33,46,25,32
AJ Derby,4,7,3,14
Luke Willson,4,10,21,28
Darren Fells,6,7,15,14
Gerald Everett,1,3,2,6
Ricky Seals-Jones,2,1,1,4
Nick Boyle,0,4,10,12
Demetrius Harris,3,4,13,19
Jonnu Smith,0,4,2,7
Lance Kendricks,11,22,31,23
Adam Shaheen,2,2,0,2
Greg Olsen,43,33,11,17
Virgil Green,0,9,14,39
Dion Sims,4,9,8,32
Vance McDonald,8,6,12,24
Jeff Heuerman,1,2,6,7
James O'Shaughnessy,1,0,5,15
Ryan Griffin,16,13,13,11
Richard Rodgers,13,10,17,17
Brent Celek,26,25,22,34
Nick Vannett,1,1,2,7
Levine Toilolo,2,5,8,35
Troy Niklas,1,7,6,14
Josh Hill,4,9,7,23
Anthony Fasano,11,26,29,34
Maxx Williams,1,7,4,9
CJ Fiedorowicz,8,6,7,25
Eric Tomlinson,1,0,4,3
Daniel Brown,2,3,5,7
David Morgan,0,3,1,4
CJ Uzomah,0,7,2,9
Brandon Williams,1,3,6,11
Dwayne Allen,8,8,16,35
Niles Paul,0,2,11,32
Logan Thomas,0,1,1,8
James Hanna,0,3,9,18
Austin Traylor,0,1,1,2
Jerell Adams,1,2,4,8
Michael Hoomanawanui,9,10,7,43
Clive Walford,4,6,15,11
Lee Smith,0,3,13,40
Derek Carrier,2,1,5,17
Ross Travis,0,0,4,20
Neal Sterling,1,2,1,5
Xavier Grimble,0,4,2,8
Phillip Supernaw,0,2,2,22
Luke Stocker,1,7,13,33
Alan Cross,0,1,2,11
Jeremy Sprinkle,0,1,0,2
Ben Koyack,1,1,4,9
Jacob Hollister,0,0,1,8
Michael Roberts,0,0,1,4
Sean McGrath,1,4,5,8
Tyler Eifert,26,12,7,8
Will Tye,6,11,8,6
Orson Charles,0,0,5,7
Randall Telfer,0,0,0,8
Darrell Daniels,0,0,0,6
Ifeanyi Momah,0,1,1,2
Emanuel Byrd,0,1,0,0
Blake Bell,0,3,2,13
Antony Auclair,0,0,0,2
Geoff Swaim,0,0,3,6
Ryan Hewitt,3,1,4,9
Chris Manhertz,0,0,0,4
Cole Hikutini,0,0,0,2
MarQueis Gray,1,0,3,17
Jeff Cumberland,6,9,18,34
Garrett Griffin,0,0,0,1
Ryan Malleck,0,0,0,1
Cethan Carter,0,0,0,1
Evan Baylis,0,0,0,1
Gabe Holmes,0,0,0,1
Logan Paulsen,7,9,13,54
Matt LaCosse,0,1,0,1
Andrew Luck,44,19,7,0
Colin Kaepernick,28,24,14,1
Ryan Tannehill,25,36,16,0
Matt Barkley,3,6,7,8
Robert Griffin III,19,14,8,0
Shaun Hill,7,8,11,8
Charlie Whitehurst,7,5,11,16
Robert Griffin,0,0,1,0
Trevone Boykin,0,0,4,0
Connor Cook,0,0,1,0
Tony Romo,35,27,9,12
Matt McGloin,3,7,10,8
Cardale Jones,0,0,1,0
Matt Schaub,27,20,21,1
Mark Sanchez,13,23,17,13
Spencer Ware,6,5,6,7
Ryan Mathews,20,23,16,31
Christine Michael,4,4,9,33
Rashad Jennings,10,15,17,42
Matt Asiata,6,1,9,33
Tim Hightower,12,3,6,21
Shaun Draughn,3,8,6,40
Kenneth Dixon,1,4,1,6
DeAngelo Williams,17,14,16,50
Jeremy Langford,2,4,6,15
Justin Forsett,5,11,16,51
James Starks,10,11,12,53
DuJuan Harris,4,2,4,20
Kenneth Farrow,0,1,1,8
Jonathan Grimes,3,4,9,22
Ronnie Hillman,6,10,11,35
Ka'Deem Carey,3,0,6,23
Reggie Bush,17,19,11,45
Denard Robinson,4,6,4,30
Arian Foster,46,12,3,14
Antone Smith,2,2,4,40
Jerome Felton,2,2,1,77
Jonathan Williams,0,0,1,7
Marcel Reece,6,13,11,63
Dexter McCluster,7,11,11,63
Knile Davis,6,4,2,31
George Atkinson,0,0,1,0
Juwan Thompson,3,3,1,20
Mike James,1,3,2,20
Brandon Wilds,0,0,0,3
Daniel Lasco,0,0,0,3
Jordan Todman,4,3,5,26
Troymaine Pope,0,0,0,3
Lorenzo Taliaferro,4,5,0,10
Isaiah Pead,0,1,0,14
Don Jackson,0,0,0,3
Paul Lasike,0,0,0,4
Cedric Peerman,1,0,2,53
George Farmer,0,0,0,2
Antonio Andrews,0,7,0,16
Joique Bell,9,6,11,60
Chase Reynolds,0,0,0,1
Stepfan Taylor,0,2,0,33
Terrence Magee,0,0,0,2
Joe Banyard,4,0,3,10
Daryl Richardson,0,4,3,18
Khiry Robinson,4,5,10,16
Will Tukuafu,2,1,3,15
Brandon Burks,0,0,0,1
Julian Edelman,11,14,18,48
Steve Smith,26,28,22,62
Cameron Meredith,5,0,1,14
Anquan Boldin,12,23,11,49
Quincy Enunwa,1,3,3,20
Tajae Sharpe,0,2,1,13
Victor Cruz,15,11,4,51
Malcolm Mitchell,1,2,1,8
Dorial Green-Beckham,1,1,3,23
Andrew Hawkins,1,4,9,48
Eddie Royal,4,7,4,63
Quinton Patton,0,1,0,30
Philly Brown,0,3,5,29
Bryan Walters,0,3,1,21
Rod Streater,2,5,6,41
Jordan Norwood,0,2,1,37
Charles Johnson,0,0,0,20
Jalin Marshall,0,1,0,5
Josh Huff,0,1,3,20
Vincent Jackson,16,13,11,46
Marquess Wilson,2,1,2,12
Andre Johnson,23,10,5,45
Walter Powell,0,0,1,7
Chris Harper,0,0,0,11
Cecil Shorts,6,10,6,34
James Wright,4,3,2,10
Paul Turner,0,1,0,2
Greg Salas,0,2,3,15
Keith Mumphery,0,0,0,12
DeMarcus Ayers,0,1,0,1
Lucky Whitehead,0,0,0,20
Aaron Burbridge,0,0,0,8
Jeremy Ross,0,2,0,11
Wendall Williams,0,0,0,2
Odell Beckham,0,0,0,1
Bradley Marquez,0,0,0,16
Dwayne Harris,1,2,1,39
Rashad Greene,0,1,0,12
Percy Harvin,15,21,8,18
Ted Ginn,0,0,0,1
Shane Wynn,0,0,0,2
DeAndre Smelter,0,0,0,1
Jeremy Butler,0,0,1,9
Devin Street,0,0,0,12
Devin Smith,0,0,0,8
Tony Washington,0,0,0,2
Rashad Ross,0,1,0,5
Paul McRoberts,0,0,0,1
Marc Mariani,0,0,1,44
Jordan Payton,0,0,0,2
Bralon Addison,0,0,0,1
Dezmin Lewis,0,0,0,1
Daniel Braverman,0,0,0,2
Isaac Fruechte,0,0,0,1
Isaiah Burse,0,0,2,2
Geremy Davis,0,0,0,5
Matt Slater,0,0,0,36
Devin Hester,2,0,6,47
Keshawn Martin,0,1,4,34
Dennis Pitta,19,16,13,35
Gary Barnidge,25,14,9,35
Jacob Tamme,23,20,15,35
Ladarius Green,7,12,13,7
Erik Swoope,1,2,5,1
Mychal Rivera,13,14,20,9
Darren Waller,0,2,3,5
Larry Donnell,4,6,8,12
John Phillips,1,7,6,41
Crockett Gillmore,5,3,3,12
Jordan Cameron,16,14,14,22
Dominique Jones,1,0,1,7
Brandon Myers,14,10,17,39
Brandon Bostick,2,2,7,18
Joshua Perkins,1,0,0,2
Gavin Escobar,1,4,4,17
Matt Lengel,0,1,0,1
Jace Amaro,5,7,4,1
Connor Hamlett,0,1,0,0
Ben Braunecker,0,0,0,3
Malcolm Johnson,0,0,2,7
Justin Perillo,1,0,2,7
DJ Tialavea,0,0,1,0
Clay Harbor,3,10,19,38
Alex Ellis,0,0,0,3
Cole Wick,0,0,0,4
MyCole Pruitt,0,0,3,8
Je'Ron Hamm,0,0,1,0
Gerald Christian,0,0,0,1
Henry Krieger-Coble,0,0,0,1
Matthew Mulligan,0,1,5,43
Hakeem Valles,0,0,0,2
Khari Lee,0,0,0,4
Kellen Davis,5,12,13,52
Braedon Bowman,0,0,0,1
Johnny Manziel,14,6,5,0
Peyton Manning,46,20,8,0
Matt Hasselbeck,13,27,17,7
Brandon Weeden,7,9,19,1
Zach Mettenberger,2,5,5,6
Jimmy Clausen,6,10,17,7
Kellen Moore,1,0,2,0
Michael Vick,26,14,12,8
Luke McCown,0,1,8,17
Josh Freeman,16,25,15,0
Dan Orlovsky,1,4,5,16
Colt McCoy,5,15,11,14
Alex Tanney,0,0,1,0
Ryan Nassib,2,2,2,5
Ryan Lindley,0,2,9,5
BJ Daniels,0,0,4,2
Tarvaris Jackson,2,14,13,24
Sean Renfree,0,0,1,1
Karlos Williams,1,5,2,3
Fred Jackson,18,13,15,36
Joseph Randle,2,2,5,18
Chris Polk,1,4,3,19
Bishop Sankey,4,4,4,16
Tre Mason,0,0,2,23
Donald Brown,6,16,9,44
Ahmad Bradshaw,19,12,8,23
Jonas Gray,2,1,1,24
Bruce Miller,0,4,6,53
Zac Stacy,3,4,5,10
Roy Helu,8,5,8,36
Pierre Thomas,10,17,16,30
Dan Herron,2,2,4,28
David Cobb,0,1,0,6
Anthony Dixon,0,0,4,63
Kendall Gaskins,0,0,1,3
Austin Johnson,0,0,1,9
Steven Jackson,19,24,16,13
Bryce Brown,3,0,2,34
Zurlon Tipton,0,0,3,11
Jarryd Hayne,0,0,0,4
Josh Robinson,0,0,1,4
Will Johnson,7,3,4,29
Toby Gerhart,4,10,9,57
Darrel Young,1,1,3,62
Joey Iosefa,0,0,0,2
Bernard Pierce,3,7,5,35
Jorvorskie Lane,0,1,4,24
Tyler Varga,0,0,0,1
John Crockett,0,0,0,2
Alonzo Harris,0,0,0,3
Tyler Clutts,0,0,1,34
Trey Williams,0,0,0,1
Cierre Wood,0,0,0,4
Kendall Hunter,0,4,8,32
George Winn,0,0,1,13
Glenn Winston,0,0,0,1
Calvin Johnson,38,14,10,26
James Jones,14,15,13,48
Rueben Randle,3,7,4,30
Nate Washington,10,9,10,49
Marques Colston,21,9,19,36
Steve Johnson,15,16,17,31
Brian Hartline,9,13,23,41
Jerricho Cotchery,2,4,11,59
Malcom Floyd,12,10,4,41
Roddy White,23,9,13,35
Leonard Hankerson,4,2,5,27
Lance Moore,9,11,11,40
Riley Cooper,3,9,5,64
Chris Givens,1,5,4,49
Greg Jennings,18,11,9,37
Javontee Herndon,0,0,0,7
Miles Austin,8,11,11,37
Stedman Bailey,0,1,0,15
Kenbrell Thompkins,1,2,3,12
Donteea Dye,0,0,0,9
Andre Caldwell,8,6,4,50
Aaron Dobson,1,1,4,12
Jason Avant,2,6,5,66
Darius Jennings,0,0,0,3
Marlon Brown,2,0,5,22
Wes Welker,25,12,7,25
Myles White,0,0,1,12
Marlon Moore,0,0,2,38
Ricardo Lockette,0,0,2,19
Jerome Simpson,4,4,5,52
Chris Owusu,0,0,0,5
Marcus Easley,0,0,1,6
Hakeem Nicks,10,11,13,36
Dwayne Bowe,12,17,9,38
Corey Fuller,0,1,0,5
Preston Parker,0,2,2,38
Kevin Smith,4,1,4,26
TJ Graham,0,2,1,35
Andrew Turzilli,0,0,0,1
Chandler Worthy,0,0,0,3
Vincent Brown,2,0,3,27
Jonathan Krause,0,0,0,2
Tyler Murphy,0,0,0,1
Mario Alford,0,0,0,1
Ben Edwards,0,0,0,1
Seyi Ajirotutu,1,3,0,39
Damaris Johnson,0,0,1,15
Rico Richardson,0,0,0,3
Seantavius Jones,0,0,0,1
Marcus Thigpen,0,0,0,7
Heath Miller,39,27,14,11
Owen Daniels,29,25,13,15
Scott Chandler,15,19,16,51
Craig Stevens,4,5,15,47
Tim Wright,10,14,7,5
Chris Gragg,1,2,3,7
Cooper Helfet,0,4,2,14
Jake Stoneburner,1,1,0,1
Chase Coffman,2,3,5,24
Brandon Pettigrew,28,23,9,16
Tony Moeaki,6,10,9,12
Jerome Cunningham,0,1,1,4
Garrett Graham,3,8,12,37
Jim Dray,1,5,17,42
Daniel Fells,8,16,10,21
Cory Harkey,1,2,5,11
Robert Housler,8,13,16,22
Andrew Quarless,12,7,13,25
Michael Williams,0,0,0,5
Matt Spaeth,3,3,7,41
Scott Simonson,0,0,0,1
EJ Bibbs,0,0,0,2
Nic Jacobs,0,1,2,3
Brian Parker,0,0,0,2
Brian Leonhardt,1,3,3,7
Asante Cleveland,0,0,1,12
Kyle Orton,11,16,8,8
Jake Locker,6,9,15,0
Christian Ponder,12,10,17,6
Connor Shaw,1,4,1,6
Matt Simms,0,2,5,12
Jason Campbell,11,14,16,11
Jordan Palmer,0,0,7,23
Brad Smith,0,7,37,16
Bruce Gradkowski,7,7,7,15
Matt Flynn,7,13,10,16
Trent Richardson,11,12,15,21
Ben Tate,7,12,10,27
Leon Washington,1,2,5,47
Daniel Thomas,10,11,9,26
Shonn Greene,7,9,16,41
Montee Ball,1,4,4,19
Silas Redd,2,1,4,9
Peyton Hillis,9,12,7,34
Maurice Jones-Drew,24,22,12,13
Joe McKnight,6,5,3,44
Robert Hughes,2,2,1,11
Knowshon Moreno,17,12,8,25
Storm Johnson,0,1,0,5
Marion Grice,0,0,0,4
Jed Collins,0,1,5,47
Erik Lorig,0,2,4,59
Darrin Reaves,0,1,0,12
Ronnie Brown,5,3,10,52
Will Ta'ufo'ou,2,2,3,7
Jackie Battle,7,4,8,49
Jonathan Dwyer,5,7,3,48
Frank Summers,2,1,2,16
John Conner,0,2,3,48
Dri Archer,5,3,4,3
Chris Ogbonnaya,2,8,8,35
Cyrus Gray,1,4,2,20
Michael Cox,0,0,0,15
Alfonso Smith,0,0,4,51
Ray Agnew,0,0,1,4
Brian Leonard,0,2,7,64
Jeremy Stewart,0,0,0,8
Josh Harris,0,0,0,4
Henry Hynoski,0,0,0,31
LaMichael James,1,1,1,23
Edwin Baker,0,3,3,13
Jalen Parmele,0,1,0,33
Tauren Poole,0,0,0,5
Reggie Wayne,14,12,11,24
Brandon Gibson,2,5,12,36
Derek Hagan,2,4,4,45
Brandon Lloyd,13,20,9,28
Nick Toon,0,0,2,5
Donnie Avery,3,2,4,42
Austin Pettis,1,1,2,45
Josh Morgan,1,3,4,48
Junior Hemingway,0,0,1,13
Denarius Moore,6,6,8,32
Santana Moss,6,12,10,33
Joe Morgan,1,3,5,7
Jacoby Jones,2,4,4,62
Justin Brown,0,0,0,6
Brian Tyms,0,0,0,1
Kevin Norwood,0,0,0,3
Robert Meachem,3,8,2,43
AJ Jenkins,0,0,0,7
Robert Herron,0,0,0,1
Dane Sanzenbacher,0,0,3,25
Corey Washington,0,0,1,0
Santonio Holmes,3,8,7,35
David Nelson,2,6,7,39
Mike Brown,1,1,1,11
Greg Little,1,7,7,35
Kris Durham,0,1,3,20
Kevin Ogletree,1,2,2,53
Jerrel Jernigan,2,0,1,24
Jeff Maehl,0,0,1,12
Ace Sanders,0,1,2,13
Frankie Hammond Jr,0,0,0,1
Trey Watts,0,0,0,2
Jarrett Boykin,1,5,1,5
Ryan Broyles,0,4,3,15
DeVier Posey,0,0,0,16
Damian Williams,1,2,2,48
Courtney Roby,0,0,0,35
Solomon Patton,0,0,0,3
Micheal Spurlock,0,0,9,40
Josh Cribbs,1,3,3,42
Kevin Dorsey,0,0,0,4
Kassim Osgood,0,0,1,30
Rodney Smith,0,0,0,1
DeAndre Presley,0,0,0,1
Jalen Saunders,0,0,0,4
Chris Williams,1,0,1,0
John Carlson,8,6,16,24
Chase Ford,0,0,1,7
Dante Rosario,8,6,20,41
James Casey,3,4,13,36
Joseph Fauria,4,7,3,12
Adrien Robinson,0,0,1,4
Zach Sudfeld,1,4,7,9
Bear Pascoe,0,1,13,43
Kevin Brock,6,7,3,4
Michael Palmer,1,2,1,41
Harold Hoskins,1,3,1,4
Taylor Thompson,2,3,4,12
David Ausberry,0,0,6,20
Marcel Jensen,0,0,0,3
Mickey Shuler,0,2,1,23
Jordan Thompson,0,0,0,4
Gerell Robinson,0,0,0,7
Richard Gordon,0,1,0,19
Steve Maneri,0,0,1,12
Thaddeus Lewis,1,3,1,0
Jeff Tuel,0,1,1,0
Seneca Wallace,0,5,7,12
Josh Johnson,0,1,15,12
Dominique Davis,0,0,1,0
Curtis Painter,2,2,7,1
Ray Rice,40,16,10,13
Rashard Mendenhall,13,9,13,17
BenJarvus Green-Ellis,8,19,18,18
Jason Snelling,3,7,5,45
Willis McGahee,5,12,4,31
Andre Brown,3,7,5,43
Brandon Jacobs,4,7,10,18
Michael Bush,13,7,8,31
Stanley Havili,0,0,2,18
Felix Jones,5,13,7,33
Johnathan Franklin,1,0,0,3
Tashard Choice,1,2,10,74
Da'Rel Scott,0,1,1,14
Dennis Johnson,0,1,0,7
David Wilson,1,2,4,12
Vonta Leach,0,1,1,57
Mike Goodson,2,4,4,23
Phillip Tanner,0,0,2,18
Tony Fiammetta,0,0,0,30
Greg Jones,0,0,1,49
Alex Green,0,1,5,13
Vick Ballard,0,5,4,8
Isaac Redman,2,2,7,37
LaRod Stephens-Howling,3,2,4,36
Bradie Ewing,0,0,0,2
Le'Ron McClain,0,0,4,46
Michael Robinson,0,1,1,43
Deji Karim,0,0,2,28
Josh Vaughan,0,0,0,24
Bernard Scott,0,3,3,30
Ray Graham,0,0,0,1
Armond Smith,0,0,0,5
Mikel Leshoure,3,5,4,3
Evan Royster,1,2,2,18
Chris Rainey,0,0,2,13
Quinn Johnson,0,0,0,30
Darius Reynaud,0,0,0,27
Tiquan Underwood,2,0,4,41
Nate Burleson,7,6,8,25
Davone Bess,2,8,12,37
Earl Bennett,4,2,4,43
Justin Blackmon,5,2,4,9
Stephen Hill,1,1,0,20
Sidney Rice,5,5,6,33
Tandon Doss,0,1,0,22
Darius Johnson,0,0,1,9
Drew Davis,0,1,2,9
Da'Rick Rogers,1,0,0,3
LaVon Brazill,0,1,1,17
Kyle Williams,0,3,0,45
Brandon Stokley,0,3,3,32
Clyde Gates,0,1,0,12
Jacoby Ford,4,0,1,31
Josh Boyce,0,0,0,6
Domenik Hixon,0,1,5,14
Mario Manningham,6,4,9,26
Josh Cooper,0,0,0,2
Stephen Burton,0,0,0,13
Austin Collie,6,0,3,28
Patrick Edwards,0,0,0,3
Lestar Jean,0,0,1,11
Juron Criner,0,0,1,8
Jonathan Baldwin,1,0,1,27
Jeremy Ebert,0,0,0,4
Chad Hall,1,0,0,26
Kevin Cone,0,0,0,3
Armanti Edwards,0,0,0,46
Ben Obomanu,1,3,1,33
David Reed,0,0,0,31
Stephen Williams,0,0,0,20
Ryan Spadola,0,0,0,1
Brian Robiskie,0,1,3,22
Marvin McNutt,0,0,0,2
Devon Wylie,0,0,0,5
Trindon Holliday,0,0,0,4
Tony Gonzalez,31,23,7,3
Dallas Clark,13,17,16,21
Kellen Winslow,15,17,8,4
Jermichael Finley,18,11,9,15
Jake Ballard,5,7,3,20
Fred Davis,12,11,7,12
Joel Dreessen,12,11,10,20
Tony Scheffler,12,11,7,20
Jeron Mastrud,0,0,2,37
David Paulson,0,0,5,9
Michael Egnew,0,0,3,4
Tom Crabtree,2,3,4,36
Allen Reisner,0,0,1,8
Ryan Taylor,0,1,0,21
Weslye Saunders,0,1,0,20
Nick Kasa,0,1,0,3
Nate Byham,0,0,1,18
Dorin Dickerson,0,1,3,21
Billy Bajema,1,2,4,29
Kory Sperry,0,1,3,29
Visanthe Shiancoe,6,12,6,10
Mike McNeill,0,0,0,10
Justice Cunningham,0,0,0,1
Richie Brockel,0,1,1,11
DJ Williams,0,0,3,23
Kevin Kolb,4,11,7,9
John Skelton,4,7,8,12
Tim Tebow,11,4,14,12
Tyler Thigpen,0,1,7,13
David Carr,0,0,3,15
Rusty Smith,0,0,1,16
Brady Quinn,1,0,9,0
Byron Leftwich,0,1,2,15
Matt Leinart,0,0,3,1
Charlie Batch,0,2,5,15
Greg McElroy,0,0,2,0
Trent Edwards,0,4,4,25
Michael Turner,13,15,7,13
Beanie Wells,4,8,1,26
Cedric Benson,10,6,8,12
Montell Owens,0,2,0,32
Lance Ball,0,2,5,35
Curtis Brinkley,1,0,4,27
DJ Ware,0,2,1,43
Lawrence Vickers,0,0,0,41
Ryan Williams,0,1,0,4
Jamie Harper,0,1,0,19
Mewelde Moore,0,2,2,33
Baron Batch,0,0,1,7
Anthony Allen,0,0,1,9
Brandon Jackson,3,1,6,8
Evan Rodriguez,0,0,0,7
Keiland Williams,1,5,3,25
Lousaka Polite,0,0,1,21
Owen Marecic,0,0,0,17
Johnny White,0,0,0,14
Lex Hilliard,0,0,1,47
Armando Allen,0,1,0,10
Kahlil Bell,2,2,0,35
Chris Gronkowski,0,0,1,23
Corey McIntyre,0,0,1,32
William Powell,0,0,2,10
Javon Ringer,1,0,4,25
Montario Hardesty,1,2,2,15
Reagan Maui'a,0,0,0,20
Delone Carter,1,1,3,18
Owen Schmitt,0,0,0,34
Kregg Lumpkin,0,2,3,29
Jacob Hester,0,0,6,29
Shaun Chapas,0,0,0,5
Keith Toston,0,1,0,16
Donald Jones,1,4,3,28
Kevin Walter,3,4,6,34
Titus Young,1,7,2,16
Michael Jenkins,1,3,4,35
Randy Moss,0,5,9,50
Chaz Schilens,0,3,2,38
Devery Henderson,2,2,4,39
Armon Binns,0,0,4,12
Early Doucet,0,6,2,36
Laurent Robinson,4,3,4,26
Braylon Edwards,1,6,3,31
Mohamed Massaquoi,0,0,6,33
Ramses Barden,1,0,0,30
Devin Aromashodu,0,1,1,41
Matt Willis,0,0,0,44
Steve Breaston,4,1,7,27
Brandon Banks,0,0,0,38
Kealoha Pilares,0,0,0,16
Lavelle Hawkins,1,1,0,36
Charly Martin,0,0,0,19
Stefan Logan,0,0,0,38
Kris Adams,0,0,0,3
Anthony Armstrong,1,2,3,26
Legedu Naanee,1,1,2,30
Donald Driver,3,3,3,32
Sammie Stroughter,0,0,1,22
Dezmon Briscoe,3,0,1,32
Deion Branch,7,7,5,37
Mardy Gilyard,0,0,0,20
Jordan Shipley,1,3,3,25
Joe Adams,0,0,0,4
Patrick Turner,0,0,0,32
Greg Camarillo,0,0,1,29
Jason Hill,1,0,6,37
Richard Goodman,0,0,0,33
Ryan Whalen,0,0,0,9
Jabar Gaffney,2,5,8,20
Danario Alexander,3,6,3,24
Terrance Copper,0,0,0,37
Ruvell Martin,0,1,1,32
Donte' Stallworth,0,2,2,24
Kevin Elliott,0,0,0,1
Isaiah Stanback,0,0,0,1
Jordan White,0,0,0,1
Aaron Hernandez,23,8,3,6
Dustin Keller,14,13,10,3
Anthony McCoy,2,4,7,33
David Thomas,3,6,3,16
Will Heller,1,3,3,34
Jeff King,2,9,8,24
Todd Heap,8,7,5,8
Kevin Boss,6,9,9,8
Kyle Adams,0,0,0,15
Randy McMichael,2,4,10,23
Leonard Pope,1,6,6,22
Zach Potter,0,0,4,31
Evan Moore,5,6,6,26
Dedrick Epps,0,0,0,17
Ben Hartsock,0,0,0,34
Jake O'Connell,0,0,3,22
Chris Cooley,9,6,2,7
Travis Beckum,1,2,6,21
Brad Smelley,0,0,0,1
Tom Brandstater,0,0,1,0
John Beck,1,2,1,0
Rex Grossman,5,5,10,10
JP Losman,0,0,2,0
Vince Young,4,2,6,11
Richard Bartel,0,1,2,15
Caleb Hanie,1,0,5,16
Chris Redman,0,0,6,15
Kyle Boller,0,0,5,13
Donovan McNabb,3,14,2,3
Rudy Carpenter,0,0,1,0
Tyler Palko,0,1,5,16
Kerry Collins,3,4,6,6
AJ Feeley,0,2,2,1
Stephen McGee,1,1,1,14
Jon Kitna,5,4,3,7
Mark Brunell,0,1,13,18
Mike Kafka,0,0,2,3
Billy Volek,0,0,1,17
Jake Delhomme,0,3,2,12
TJ Yates ,0,0,0,0
Richard Medlin,0,0,0,1
Marion Barber,1,5,4,17
Ryan Torain,4,5,1,15
LaDainian Tomlinson,5,12,3,10
Kevin Faulk,0,2,0,21
Jahvid Best,6,6,5,5
Eldra Buckley,0,0,0,18
Maurice Morris,3,3,4,22
Mossis Madu,0,0,1,8
Chester Taylor,0,3,3,22
Mike Cox,0,0,0,25
Ricky Williams,1,3,6,22
Joseph Addai,2,6,1,19
Ahmard Hall,0,0,1,27
Cadillac Williams,2,4,6,16
Earnest Graham,0,5,2,16
Aaron Brown,0,0,1,16
Thomas Jones,3,2,5,22
Sammy Morris,0,0,1,18
Manase Tonga,0,0,0,11
Darren Evans,0,0,0,2
Thomas Clayton,0,0,0,35
Josh Baker,0,0,0,11
Derrick Ward,0,3,3,22
Steve Slaton,0,0,2,26
Spencer Larsen,0,0,1,31
Jeremiah Johnson,0,0,0,8
Ovie Mughelli,0,1,1,21
Lorenzo Booker,0,0,1,30
Quinn Porter,0,0,0,12
Ryan D'Imperio,0,0,0,11
Mike Sellers,0,0,1,27
Rock Cartwright,0,0,0,31
Eddie Williams,0,0,0,12
Brandon Saine,0,0,1,7
Jerious Norwood,0,0,0,25
Ryan Mahaffey,0,0,0,5
Jerome Harrison,4,0,2,30
Chris Pressley,0,0,0,47
Brock Bolen,0,0,0,29
John Clay,0,0,0,2
Larry Johnson,0,0,0,18
Korey Hall,0,0,0,29
Moran Norris,0,0,0,20
Chauncey Washington,0,0,0,18
Anthony Gonzalez,0,0,0,24
Quan Cosby,0,0,0,26
Naaman Roosevelt,0,0,1,26
Chastin West,0,0,1,11
Joe Hastings,0,0,0,1
Plaxico Burress,1,3,2,10
Jeremy Horne,0,0,0,25
Carlton Mitchell,0,0,0,27
Johnny Knox,2,4,6,18
Derrick Mason,3,3,1,32
Roy Williams,3,2,2,24
Patrick Crayton,0,3,2,25
Hines Ward,4,3,2,22
Blair White,1,1,2,19
TJ Houshmandzadeh,0,1,3,21
Chad Johnson,3,2,1,25
Taylor Price,0,0,0,26
Michael Clayton,0,0,0,21
Mike Sims-Walker,2,1,5,20
Jesse Holley,0,0,1,31
Terrence Austin,0,0,0,29
Darvin Adams,0,0,0,2
David Anderson,0,0,0,26
Bryant Johnson,0,0,0,31
Julius Pruitt,0,0,0,25
Max Komar,0,0,0,17
Nick Miller,0,0,0,32
Keary Colbert,0,0,0,7
Bernard Berrian,0,1,0,20
Sam Hurd,0,0,0,28
Jerheme Urban,0,0,0,6
Lee Evans,1,1,2,21
Rashied Davis,0,1,0,26
LaQuan Williams,0,0,0,12
Jarett Dillard,0,0,2,12
Devin Thomas,0,0,0,64
Demarco Sampson,0,0,0,11
Brett Swain,0,0,0,21
Chansi Stuckey,0,0,3,22
Mark Clayton,1,2,1,14
Emmanuel Arceneaux,0,0,0,3
Edmond Gates,0,0,0,15
Deon Butler,1,1,1,18
Roscoe Parrish,0,1,4,13
Adrian Arrington,0,1,0,17
Maurice Stovall,0,0,0,31
Dominique Curry,0,0,0,32
Kerry Meier,0,0,0,12
Jamar Newsome,0,0,0,2
Roberto Wallace,0,0,0,18
Jaymar Johnson,0,0,0,1
Arnaz Battle,0,0,0,26
Donald Lee,0,5,3,17
Rob Myers,0,0,0,1
Anthony Becht,0,0,1,8
John Gilmore,0,4,3,23
Colin Franklin,0,0,0,2
Cameron Morrah,1,0,4,19
Zack Pianalto,0,0,2,9
Daniel Graham,0,3,5,23
Jeremy Shockey,5,12,8,6
Justin Peelle,1,0,4,25
Martin Rucker,0,0,0,20
Mike Caussin,0,0,2,4
Anthony Hill,0,0,0,7
Colin Cochart,0,1,1,8
Dominique Byrd,0,0,0,6
Brody Eldridge,0,0,3,26
Richard Quinn,0,0,0,17
Dan Gronkowski,0,1,0,27
Stephen Spach,0,0,1,25
Michael Higgins,0,0,0,2
Reggie Kelly,0,1,1,30
Jim Kleinsasser,0,0,5,27
David Martin,0,1,3,15
Kris Wilson,0,0,2,28
Fendi Onobun,0,0,0,17
Colin Cloherty,0,0,1,19
David Garrard,8,3,2,3
Brett Favre,2,2,8,4
Troy Smith,1,2,3,10
Todd Bouman,0,1,1,14
Dennis Dixon,0,1,1,14
Brian St Pierre,0,0,1,15
Max Hall,0,1,2,13
Tony Pike,0,0,1,15
Chad Pennington,0,0,1,15
Sage Rosenfels,0,0,6,10
Brodie Croyle,0,0,1,15
Levi Brown,0,0,0,16
Brian Brohm,0,0,0,16
Todd Collins,0,0,1,15
Brian Westbrook,3,0,1,12
Correll Buckhalter,1,2,2,11
Ladell Betts,0,2,3,11
Javarris James,0,2,2,12
Clinton Portis,0,1,2,13
Kenneth Darby,0,1,1,14
Julius Jones,0,0,4,28
Mike Hart,0,2,0,14
Patrick Cobbs,0,0,2,14
Tyrell Sutton,0,0,2,14
Mike Bell,0,0,4,28
Fred Taylor,0,0,1,15
Heath Evans,0,0,1,15
Dominic Rhodes,0,0,1,15
Laurence Maroney,0,0,1,15
Naufahu Tahi,0,0,1,15
Dimitri Nance,0,0,0,16
Tim Castille,0,0,0,16
James Davis,0,0,2,30
Jason Wright,0,0,1,15
Tony Richardson,0,0,0,16
Mike Karney,0,0,0,16
Gartrell Johnson,0,0,0,16
Albert Young,0,0,0,16
Quinton Ganther,0,0,0,32
Michael Bennett,0,0,0,16
Madison Hedgecock,0,0,0,16
Kareem Huggins,0,0,0,16
Garrett Wolfe,0,0,0,16
Jehuu Caulcrick,0,0,0,16
Deon Anderson,0,0,0,16
Jerome Johnson,0,0,0,16
Clifton Smith,0,0,0,32
Leonard Weaver,0,0,0,16
DeShawn Wynn,0,0,0,32
Chad Simpson,0,0,0,16
Andre Anderson,0,0,0,16
Chris Henry,0,0,0,16
Lonyae Miller,0,0,0,16
Rashawn Jackson,0,0,0,16
Billy Latsko,0,0,0,16
Devin Moore,0,0,0,16
Terrell Owens,4,2,2,8
David Gettis,1,1,0,14
Brian Finneran,0,0,1,15
Craig Davis,0,0,3,13
Justin Gage,0,0,0,16
Chris Chambers,0,0,1,15
Antwaan Randle El,0,0,0,16
Kelley Washington,0,1,0,15
Greg Lewis,0,0,0,16
Joey Galloway,0,0,1,15
Verran Tucker,0,0,0,16
Johnnie Lee Higgins,0,0,0,16
David Clowney,0,0,0,32
Roydell Williams,0,0,0,16
Dominique Zeigler,0,0,0,16
Brandon James,0,0,0,16
Dwayne Jarrett,0,0,0,16
Derrick Williams,0,0,0,16
Yamon Figurs,0,0,0,32
Hank Baskett,0,0,0,32
Kevin Curtis,0,0,0,16
Paul Hubbard,0,0,0,16
Sam Aiken,0,0,0,16
Manuel Johnson,0,0,0,16
Duke Calhoun,0,0,0,16
Gary Banks,0,0,0,16
John Matthews,0,0,0,16
Marcus Smith,0,0,0,16
Onrea Jones,0,0,0,16
Chris Brooks,0,0,0,16
Taj Smith,0,0,0,16
Brian Clark,0,0,0,16
Britt Davis,0,0,0,16
Demetrius Williams,0,0,0,16
Derrick Townsel,0,0,0,16
Kenneth Moore,0,0,0,16
Bo Scaife,4,1,5,6
Ben Patrick,0,2,3,11
Chris Baker,0,2,3,11
Alge Crumpler,0,2,1,13
Jonathan Stupar,0,1,3,12
Robert Royal,1,0,1,14
Brandon Manumaleuna,1,0,0,15
Gijon Robinson,0,1,0,15
Ryan Purvis,0,0,0,16
Jerramy Stevens,0,0,0,16
Jeff Dugan,0,0,0,16
Garrett Mills,0,0,0,16
Shawn Nelson,0,0,1,15
Desmond Clark,0,0,0,16
Tory Humphrey,0,0,0,16
Ernest Wilford,0,0,0,16
Daniel Coats,0,0,0,32
John Nalbone,0,0,0,16
Darcy Johnson,0,0,0,16
John Paul Foschi,0,0,0,16
Spencer Havner,0,0,0,16
Derek Schouman,0,0,0,16
