player,team,pos,2017,2016,2015,2014,2013,2012,2011,2010,#1,#Top5,#1-12,#13-24,#25-36,#Rest,,2017,2016,2015,2014,2013,2012,2011,2010
Russell Wilson,SEA,QB,1,12,3,3,8,9,,,1,3,6,0,0,0,,343.8,258.7,336.3,325.9,270.2,275.6,,
Cam Newton,CAR,QB,2,17,1,17,3,4,4,,1,5,5,2,0,0,,297.5,250.3,389.1,247,297.9,322.9,362.6,
Alex Smith,KC,QB,3,23,16,18,13,29,14,27,0,1,1,5,2,0,,295.1,219.5,267.2,218.1,253.7,122.7,209.7,132.8
Tom Brady,NE,QB,4,15,2,9,15,3,3,3,0,5,6,2,0,0,,291.9,256.6,340.1,278.1,247.5,340.3,366.5,299
Kirk Cousins,WAS,QB,5,5,9,35,44,39,,,0,2,3,0,1,2,,277.6,300.7,289.4,88.4,33.6,30.8,,
Carson Wentz,PHI,QB,6,24,,,,,,,0,0,1,1,0,0,,273.7,208.3,,,,,,
Philip Rivers,LAC,QB,7,11,12,12,4,21,9,5,0,2,7,1,0,0,,270.5,259.1,280.5,265.8,288.3,208.3,252.6,279.6
Matthew Stafford,DET,QB,8,7,8,15,7,11,5,40,0,1,6,1,0,1,,269.8,277.8,290.4,249.2,275.3,273.4,339.3,48.5
Drew Brees,NO,QB,9,3,6,5,2,1,2,6,1,5,8,0,0,0,,262.6,332.3,306.5,302.9,357.9,345.6,387.6,268.5
Dak Prescott,DAL,QB,10,6,,,,,,,0,0,2,0,0,0,,260.8,286.9,,,,,,
Ben Roethlisberger,PIT,QB,11,18,21,6,10,18,13,15,0,0,3,5,0,0,,256.6,246.2,212.2,300.8,260.3,221.8,216.1,211.6
Jared Goff,LAR,QB,12,37,,,,,,,0,0,1,0,0,1,,255.5,53.2,,,,,,
Blake Bortles,JAX,QB,13,14,4,24,,,,,0,1,1,3,0,0,,243.8,258.1,314.1,166.2,,,,
Case Keenum,MIN,QB,14,30,40,46,34,,,,0,0,0,1,2,2,,236.1,111.1,43.6,22.9,103.6,,,
Matt Ryan,ATL,QB,15,2,19,7,14,7,8,8,0,1,5,3,0,0,,228.1,345.5,231.9,282.3,248.1,304.6,273.5,248.4
Tyrod Taylor,BUF,QB,16,8,15,,52,40,,,0,0,1,2,0,2,,222.6,266.9,268.2,,4.5,18.5,,
Andy Dalton,CIN,QB,17,10,18,19,5,12,15,,0,1,3,4,0,0,,210.7,260.6,244.1,214.8,288.1,250.8,207.1,
Marcus Mariota,TEN,QB,18,9,24,,,,,,0,0,1,2,0,0,,210.4,260.7,193.9,,,,,
Jacoby Brissett,IND,QB,19,44,,,,,,,0,0,0,1,0,1,,206,28.3,,,,,,
Josh McCown,NYJ,QB,20,38,29,28,27,,48,,0,0,0,1,3,2,,205.6,50.1,128.2,126.9,134.1,,23.4,
Derek Carr,OAK,QB,21,13,14,20,,,,,0,0,0,4,0,0,,202.3,258.2,269.3,191.5,,,,
Jameis Winston,TB,QB,22,16,13,,,,,,0,0,0,3,0,0,,199.8,252.4,272.8,,,,,
Eli Manning,NYG,QB,23,21,10,10,21,14,6,11,0,0,4,4,0,0,,187.3,224.2,287.5,269.5,170.3,232.9,280.8,231.1
Joe Flacco,BAL,QB,24,20,26,13,19,15,16,10,0,0,1,6,1,0,,182.9,234,159.9,262.4,203.6,232.9,203.2,231.3
DeShone Kizer,CLE,QB,25,,,,,,,,0,0,0,0,1,0,,175.9,,,,,,,
Deshaun Watson,HOU,QB,26,,,,,,,,0,0,0,0,1,0,,164.8,,,,,,,
Jay Cutler,MIA,QB,27,39,20,16,24,23,25,17,0,0,0,5,2,1,,157.7,46.8,224.5,248.3,162.6,184.6,136.3,208.2
Mitchell Trubisky,CHI,QB,28,,,,,,,,0,0,0,0,1,0,,132.6,,,,,,,
Aaron Rodgers,GB,QB,29,1,7,1,22,2,1,2,3,5,6,1,1,0,,129.5,376,293.2,352.1,169.4,342,397.4,304.5
Trevor Siemian,DEN,QB,30,26,,,,,,,0,0,0,0,2,0,,126.2,189.7,,,,,,
Brett Hundley,GB,QB,31,,,,,,,,0,0,0,0,1,0,,120.6,,,,,,,
Carson Palmer,ARI,QB,32,19,5,31,17,19,26,13,0,1,1,4,3,0,,102.4,241.3,309.2,103.5,217.3,220.3,136.1,221.8
C.J. Beathard,SF,QB,33,,,,,,,,0,0,0,0,1,0,,88.8,,,,,,,
Jimmy Garoppolo,SF,QB,34,40,,53,,,,,0,0,0,0,1,2,,87.5,34.8,,12.2,,,,
Ryan Fitzpatrick,TB,QB,35,29,11,21,23,20,12,19,0,0,2,4,2,0,,73.7,133.4,285.2,180.1,166.7,214.1,218.8,199.1
Brock Osweiler,DEN,QB,36,28,30,56,53,,,,0,0,0,0,3,2,,64.1,169.4,116.8,6.1,4,,,
Brian Hoyer,SF,QB,37,31,25,25,42,46,,60,0,0,0,0,3,4,,64,79.1,166.6,156.8,40.2,13.8,,6.1
Blaine Gabbert,ARI,QB,39,33,27,57,49,32,28,,0,0,0,0,4,3,,59.6,74.3,129.7,6,12.4,90.1,114.4,
Tom Savage,HOU,QB,40,46,,,,,,,0,0,0,0,0,2,,50.7,17.6,,,,,,
Drew Stanton,ARI,QB,41,51,,32,,,,38,0,0,0,0,1,3,,50.4,9.4,,92.7,,,,56.5
T.J. Yates,BUF,QB,42,,49,,,53,42,,0,0,0,0,0,4,,34,,22.8,,,3.4,43.7,
Kevin Hogan,CLE,QB,43,47,,,,,,,0,0,0,0,0,2,,33.8,16.7,,,,,,
Nick Foles,PHI,QB,43,45,33,29,12,33,,,0,0,1,0,3,2,,33.8,28,94.1,119.3,256.1,86.2,,
Mike Glennon,CHI,QB,45,56,,33,26,,,,0,0,0,0,2,2,,33.6,7,,89.6,158,,,
Matt Moore,MIA,QB,46,36,,,,50,23,45,0,0,0,1,1,3,,27.8,54.7,,,,8.9,152.4,32.8
Sam Bradford,MIN,QB,47,22,23,,29,17,32,20,0,0,0,4,2,1,,26.9,220.4,194.9,,116.6,222.9,87.2,190.8
Bryce Petty,NYJ,QB,48,42,,,,,,,0,0,0,0,0,2,,25.4,30.3,,,,,,
David Fales,MIA,QB,49,,,,,,,,0,0,0,0,0,1,,19.4,,,,,,,
Paxton Lynch,DEN,QB,50,43,,,,,,,0,0,0,0,0,2,,15.1,28.4,,,,,,
EJ Manuel,OAK,QB,51,58,43,41,28,,,,0,0,0,0,1,4,,14.1,5.4,38.8,58.7,129.5,,,
Patrick Mahomes,KC,QB,52,,,,,,,,0,0,0,0,0,1,,10.4,,,,,,,
Nathan Peterman,BUF,QB,52,,,,,,,,0,0,0,0,0,1,,10.4,,,,,,,
Ryan Mallett,BAL,QB,54,,36,48,,,,,0,0,0,0,1,2,,9.9,,68.9,19.8,,,,
Geno Smith,NYG,QB,55,54,51,26,20,,,,0,0,0,1,1,3,,9.7,7.9,20,150.8,190.4,,,
Landry Jones,PIT,QB,56,41,50,,,,,,0,0,0,0,0,3,,8.6,33.9,22,,,,,
Nate Sudfeld,WAS,QB,57,,,,,,,,0,0,0,0,0,1,,7.6,,,,,,,
Sean Mannion,LAR,QB,58,,64,,,,,,0,0,0,0,0,2,,5.3,,1.2,,,,,
Cody Kessler,CLE,QB,59,32,,,,,,,0,0,0,0,1,1,,2.9,75,,,,,,
A.J. McCarron,CIN,QB,60,,39,,,,,,0,0,0,0,0,2,,2.7,,55.3,,,,,
Matt Cassel,TEN,QB,61,48,38,45,31,35,31,12,0,0,1,0,3,4,,2.4,15.7,64.8,22.9,108,80.3,96.4,229.1
Cooper Rush,DAL,QB,62,,,,,,,,0,0,0,0,0,1,,1.4,,,,,,,
Scott Tolzien,IND,QB,63,53,,,43,,,,0,0,0,0,0,3,,1.3,8.9,,,34.2,,,
Taylor Heinicke,MIN,QB,64,,,,,,,,0,0,0,0,0,1,,0.6,,,,,,,
Derek Anderson,CAR,QB,65,49,63,42,,56,,34,0,0,0,0,1,5,,0.5,14.5,1.2,50.4,,2.3,,87.1
Joe Callahan,GB,QB,66,,,,,,,,0,0,0,0,0,1,,0.4,,,,,,,
Austin Davis,SEA,QB,67,,52,30,,,,,0,0,0,0,1,2,,-0.1,,19.2,107.5,,,,
Chase Daniel,NO,QB,68,,,55,47,57,,64,0,0,0,0,0,5,,-0.2,,,7.8,17,2.3,,2.2
Chad Henne,JAX,QB,69,,,44,25,31,37,24,0,0,0,1,2,3,,-0.5,,,30.2,161.3,114,58.8,155.2
Jake Rudock,DET,QB,70,,,,,,,,0,0,0,0,0,1,,-1,,,,,,,
Kellen Clemens,LAC,QB,71,,60,,38,,44,58,0,0,0,0,0,5,,-1.1,,6.4,,83.3,,37.5,7.1
Tyler Bray,KC,QB,72,,,,,,,,0,0,0,0,0,1,,-2,,,,,,,
Teddy Bridgewater,MIN,QB,73,,22,22,,,,,0,0,0,2,0,1,,-2.3,,198.4,175.7,,,,
Joe Webb,BUF,QB,187,195,,178,153,,127,129,0,0,0,0,0,6,,5.4,1.3,,2.6,8.3,,27.3,24.9
Shaun Hill,MIN,QB,,50,,34,,45,65,22,0,0,0,1,1,3,,,10.2,,89.3,,14.8,1.2,157.7
Tony Romo,DAL,QB,,59,42,11,11,10,7,30,0,0,4,0,1,2,,,5.2,40.7,266.3,259.5,275,276,98
Matt Schaub,ATL,QB,,,48,,33,16,22,9,0,0,1,2,1,1,,,,26.6,,104.8,223.4,158.1,243.6
Luke McCown,DAL,QB,,,53,,,,62,61,0,0,0,0,0,3,,,,11.4,,,,4.1,5.2
Dan Orlovsky,LAR,QB,,,55,,,59,38,,0,0,0,0,0,3,,,,10,,,2,58.5,
Tarvaris Jackson,SEA,QB,,,,,48,,21,52,0,0,0,1,0,2,,,,,,16.1,,160.4,23.9
Charlie Whitehurst,CLE,QB,,52,62,37,,,54,46,0,0,0,0,0,5,,,9.4,4.1,86,,,13.2,32.6
Bruce Gradkowski,PIT,QB,,,,,,55,56,39,0,0,0,0,0,3,,,,,,,2.4,6.5,50.5
Josh Johnson,NYG,QB,,,,,56,,52,57,0,0,0,0,0,3,,,,,,2,,14.5,8.3
Matt Flynn,NO,QB,,,,,40,58,41,49,0,0,0,0,0,4,,,,,,74.2,2.2,44.1,25.9
Josh Freeman,IND,QB,,,54,,45,13,17,7,0,0,1,2,0,2,,,,10.4,,30.4,246.1,201.4,256.4
Mark Sanchez,CHI,QB,,,46,27,,30,10,18,0,0,1,1,2,1,,,,32.8,139.4,,118.1,237.3,199.6
Jimmy Clausen,BAL,QB,,,44,51,,,,37,0,0,0,0,0,3,,,,33.2,15.8,,,,58
Colt McCoy,WAS,QB,,,57,40,,51,20,33,0,0,0,1,1,3,,,,8.8,62.9,,8.7,160.7,88.6
Thaddeus Lewis,BAL,QB,,,,,41,,,,0,0,0,0,0,1,,,,,,58.9,,,
Christian Ponder,SF,QB,,,,52,32,22,27,,0,0,0,1,2,1,,,,,12.5,107,192,118,
Colin Kaepernick,SF,QB,,25,31,14,9,25,66,,0,0,1,1,3,1,,,200.4,108.2,250.9,264,174.1,1.2,
Jerrod Johnson,DAL,QB,,,,,,,,,0,0,0,0,0,0,,,,,,,,,
Andrew Luck,IND,QB,,4,28,2,6,8,,,0,2,4,0,1,0,,,303.7,128.8,350.7,284.9,276.5,,
Robert Griffin III,CLE,QB,,34,,36,18,5,,,0,1,1,1,2,0,,,66.4,,87.4,208.9,319.7,,
Brandon Weeden,TEN,QB,,,37,49,37,26,,,0,0,0,0,1,3,,,,66.9,19.5,87.6,166.5,,
Kellen Moore,DAL,QB,,,45,,,,,,0,0,0,0,0,1,,,,33.1,,,,,
Ryan Lindley,IND,QB,,,61,47,,47,,,0,0,0,0,0,3,,,,6.3,22.5,,12.8,,
Matt Simms,ATL,QB,,,,61,51,,,,0,0,0,0,0,2,,,,,1.8,9.9,,,
Alex Tanney,TEN,QB,,,58,,,,,,0,0,0,0,0,1,,,,8,,,,,
Ryan Nassib,JAX,QB,,,59,60,,,,,0,0,0,0,0,2,,,,6.7,2.1,,,,
Sean Renfree,ATL,QB,,,,,,,,,0,0,0,0,0,0,,,,,,,,,
Zac Dysert,ARI,QB,,,,,,,,,0,0,0,0,0,0,,,,,,,,,
Matt Barkley,SF,QB,,35,,,57,,,,0,0,0,0,1,1,,,64.6,,,1.8,,,
Matt McGloin,PHI,QB,,61,56,58,39,,,,0,0,0,0,0,4,,,1.7,9.7,5.5,78.6,,,
Johnny Manziel,CLE,QB,,,32,54,,,,,0,0,0,0,1,1,,,,95,11.9,,,,
Tajh Boyd,PIT,QB,,,,,,,,,0,0,0,0,0,0,,,,,,,,,
Zach Mettenberger,PIT,QB,,,41,38,,,,,0,0,0,0,0,2,,,,42.2,70.9,,,,
Keith Wenning,BUF,QB,,,,,,,,,0,0,0,0,0,0,,,,,,,,,
Aaron Murray,KC,QB,,,,,,,,,0,0,0,0,0,0,,,,,,,,,
Matt Blanchard,CHI,QB,,,,,,,,,0,0,0,0,0,0,,,,,,,,,
Dustin Vaughan,BAL,QB,,,,,,,,,0,0,0,0,0,0,,,,,,,,,
Connor Shaw,CHI,QB,,,,59,,,,,0,0,0,0,0,1,,,,,4,,,,
Dylan Thompson,LAR,QB,,,,,,,,,0,0,0,0,0,0,,,,,,,,,
Garrett Grayson,NO,QB,,,,,,,,,0,0,0,0,0,0,,,,,,,,,
Christian Hackenberg,NYJ,QB,,,,,,,,,0,0,0,0,0,0,,,,,,,,,
Connor Cook,OAK,QB,,57,,,,,,,0,0,0,0,0,1,,,6,,,,,,
Cardale Jones,LAC,QB,,60,,,,,,,0,0,0,0,0,1,,,1.7,,,,,,
Brandon Allen,LAR,QB,,,,,,,,,0,0,0,0,0,0,,,,,,,,,
Jeff Driskel,CIN,QB,,,,,,,,,0,0,0,0,0,0,,,,,,,,,
Trevone Boykin,SEA,QB,,55,,,,,,,0,0,0,0,0,1,,,7.9,,,,,,
Stephen Morris,IND,QB,,,,,,,,,0,0,0,0,0,0,,,,,,,,,
Brad Kaaya,DET,QB,,,,,,,,,0,0,0,0,0,0,,,,,,,,,
Chad Kelly,DEN,QB,,,,,,,,,0,0,0,0,0,0,,,,,,,,,
Joshua Dobbs,PIT,QB,,,,,,,,,0,0,0,0,0,0,,,,,,,,,
Davis Webb,NYG,QB,,,,,,,,,0,0,0,0,0,0,,,,,,,,,
Taysom Hill,NO,QB,,,,,,,,,0,0,0,0,0,0,,,,,,,,,
Dan LeFevour,TB,QB,,,,,,,,,0,0,0,0,0,0,,,,,,,,,
Ryan Tannehill,MIA,QB,,27,17,8,16,24,,,0,0,1,3,1,0,,,188.3,254.5,279.5,238.3,177.5,,
Brandon Doughty,MIA,QB,,,,,,,,,0,0,0,0,0,0,,,,,,,,,
Peyton Manning,DEN,QB,,,34,4,1,6,,4,1,3,4,0,1,0,,,,91.4,308.7,410,309.4,,285.8
Matt Hasselbeck,IND,QB,,,35,50,55,36,19,26,0,0,0,1,3,2,,,,91.1,16.9,3,74.2,190,147.9
Michael Vick,PIT,QB,,,47,43,36,27,11,1,1,1,2,0,2,2,,,,30.7,43.5,99.7,153,233,308.3
Kyle Orton,BUF,QB,,,,23,46,52,33,16,0,0,0,2,1,2,,,,,174.1,20.7,7.6,85.6,209.9
Jake Locker,TEN,QB,,,,39,35,28,39,,0,0,0,0,2,2,,,,,63.9,99.7,132.1,49.3,
Jason Campbell,CIN,QB,,,,62,30,42,34,23,0,0,0,1,2,2,,,,,1.1,115.3,17.4,78.8,157.7
Jeff Tuel,BUF,QB,,,,,50,,,,0,0,0,0,0,1,,,,,,12.1,,,
Seneca Wallace,GB,QB,,,,,54,,45,42,0,0,0,0,0,3,,,,,,3.6,,31.7,40.7
Dominique Davis,ATL,QB,,,,,58,,,,0,0,0,0,0,1,,,,,,1.4,,,
Kevin Kolb,ARI,QB,,,,,,34,30,36,0,0,0,0,3,0,,,,,,,85.1,98.7,62.7
Brady Quinn,KC,QB,,,,,,37,,,0,0,0,0,0,1,,,,,,,44.2,,
John Skelton,ARI,QB,,,,,,38,29,44,0,0,0,0,1,2,,,,,,,31.8,103.3,33.4
Byron Leftwich,PIT,QB,,,,,,41,,,0,0,0,0,0,1,,,,,,,18.1,,1.7
Brad Smith,BUF,QB,,,,,,43,51,43,0,0,0,0,0,3,,,,,,,15.6,14.7,38.1
Charlie Batch,PIT,QB,,,,,,44,59,53,0,0,0,0,0,3,,,,,,,15,6.1,23.1
Greg McElroy,NYJ,QB,,,,,,48,,,0,0,0,0,0,1,,,,,,,11.6,,
Tim Tebow,NYJ,QB,,,,,,49,18,29,0,0,0,1,1,1,,,,,,,11.3,195.2,98.9
Matt Leinart,OAK,QB,,,,,,54,58,,0,0,0,0,0,2,,,,,,,2.6,6.2,
Rusty Smith,TEN,QB,,,,,,,,,0,0,0,0,0,0,,,,,,,1.4,,
Tyler Thigpen,BUF,QB,,,,,,61,,47,0,0,0,0,0,2,,,,,,,1.1,,28.7
Rex Grossman,WAS,QB,,,,,,,24,41,0,0,0,1,0,1,,,,,,,,147.1,48
Curtis Painter,IND,QB,,,,,,,35,,0,0,0,0,1,0,,,,,,,,72.3,
Donovan McNabb,MIN,QB,,,,,,,36,21,0,0,0,1,1,0,,,,,,,,64.9,174.2
John Beck,WAS,QB,,,,,,,40,,0,0,0,0,0,1,,,,,,,,48.6,
Vince Young,PHI,QB,,,,,,,43,32,0,0,0,0,1,1,,,,,,,,40.5,88.7
Caleb Hanie,CHI,QB,,,,,,,46,65,0,0,0,0,0,2,,,,,,,,28.3,2.1
Tyler Palko,KC,QB,,,,,,,47,66,0,0,0,0,0,2,,,,,,,,25.3,1.9
Kerry Collins,IND,QB,,,,,,,49,28,0,0,0,0,1,1,,,,,,,,19.1,107
AJ Feeley,STL,QB,,,,,,,50,,0,0,0,0,0,1,,,,,,,,18.3,
Stephen McGee,DAL,QB,,,,,,,53,50,0,0,0,0,0,2,,,,,,,,14.1,24.9
Jake Delhomme,HOU,QB,,,,,,,55,48,0,0,0,0,0,2,,,,,,,,10.4,26.7
Richard Bartel,ARI,QB,,,,,,,57,62,0,0,0,0,0,2,,,,,,,,6.3,4
Chris Redman,ATL,QB,,,,,,,60,,0,0,0,0,0,1,,,,,,,,4.9,
Kyle Boller,OAK,QB,,,,,,,61,,0,0,0,0,0,1,,,,,,,,4.2,
Jon Kitna,DAL,QB,,,,,,,63,25,0,0,0,0,1,1,,,,,,,,3.3,153.6
JP Losman,MIA,QB,,,,,,,64,,0,0,0,0,0,1,,,,,,,,2.5,
Mark Brunell,NYJ,QB,,,,,,,67,55,0,0,0,0,0,2,,,,,,,,1.1,10.7
David Garrard,JAC,QB,,,,,,,,14,0,0,0,1,0,0,,,,,,,,,221.3
Brett Favre,MIN,QB,,,,,,,,31,0,0,0,0,1,0,,,,,,,,,97.2
Troy Smith,SF,QB,,,,,,,,35,0,0,0,0,1,0,,,,,,,,,77.1
Trent Edwards,BUF,QB,,,,,,,,51,0,0,0,0,0,1,,,,,,,,,24.6
Todd Bouman,JAC,QB,,,,,,,,54,0,0,0,0,0,1,,,,,,,,,13.7
Dennis Dixon,PIT,QB,,,,,,,,56,0,0,0,0,0,1,,,,,,,,,9.4
Brian St Pierre,CAR,QB,,,,,,,,59,0,0,0,0,0,1,,,,,,,,,6.9
Max Hall,ARI,QB,,,,,,,,63,0,0,0,0,0,1,,,,,,,,,2.3
Tony Pike,CAR,QB,,,,,,,,67,0,0,0,0,0,1,,,,,,,,,1.9
Todd Gurley,LAR,RB,1,15,9,,,,,,1,1,2,1,0,0,,383.3,198.2,208.6,,,,,
Le'Veon Bell,PIT,RB,2,3,46,1,14,,,,1,3,3,1,0,1,,341.6,315.4,111.2,370.5,217.8,,,
Alvin Kamara,NO,RB,3,,,,,,,,0,1,1,0,0,0,,313.4,,,,,,,
Kareem Hunt,KC,RB,4,,,,,,,,0,1,1,0,0,0,,295.2,,,,,,,
Melvin Gordon,LAC,RB,5,7,47,,,,,,0,1,2,0,0,1,,286.5,250.6,108.3,,,,,
Mark Ingram,NO,RB,6,8,12,14,62,41,47,,0,0,3,1,0,3,,278,238.3,201.2,191.9,58.4,99.1,91,
LeSean McCoy,BUF,RB,7,4,19,12,3,16,2,2,0,4,6,2,0,0,,263.6,297.3,176.7,201.4,330.7,199.3,328.4,297.2
Carlos Hyde,SF,RB,8,20,61,60,,,,,0,0,1,1,0,2,,234,190.1,81.3,74.1,,,,
Leonard Fournette,JAX,RB,9,,,,,,,,0,0,1,0,0,0,,230.2,,,,,,,
Christian McCaffrey,CAR,RB,10,,,,,,,,0,0,1,0,0,0,,228.6,,,,,,,
Duke Johnson,CLE,RB,11,30,23,,,,,,0,0,1,1,1,0,,216.1,145,164.3,,,,,
Ezekiel Elliott,DAL,RB,12,2,,,,,,,0,1,2,0,0,0,,203.2,325.4,,,,,,
Devonta Freeman,ATL,RB,13,6,1,48,,,,,1,1,2,1,0,1,,200.2,284.1,316.9,87.3,,,,
Jordan Howard,CHI,RB,14,10,,,,,,,0,0,1,1,0,0,,199.5,230.1,,,,,,
Dion Lewis,NE,RB,15,71,42,,,117,114,,0,0,0,1,0,4,,197,54.7,120.2,,,17.3,14.9,
Lamar Miller,HOU,RB,16,19,5,9,36,81,,,0,1,2,2,1,1,,193.5,191.1,231.9,223.4,123.9,41.5,,
Jerick McKinnon,MIN,RB,17,28,58,47,,,,,0,0,0,1,1,2,,176.1,146.4,83.4,94.3,,,,
C.J. Anderson,DEN,RB,18,46,31,10,132,,,,0,0,1,1,1,2,,173.1,102.5,141.3,211.3,3.8,,,
DeMarco Murray,TEN,RB,19,5,15,2,6,26,30,,0,2,3,2,2,0,,171.5,289.4,184.1,351.1,258.2,145,145.8,
Alex Collins,BAL,RB,20,84,,,,,,,0,0,0,1,0,1,,171,35.9,,,,,,
Frank Gore,IND,RB,21,12,14,20,18,10,18,16,0,0,2,6,0,0,,169.5,214.3,193.4,158.4,190.9,224.6,193.5,202.5
Tevin Coleman,ATL,RB,22,18,84,,,,,,0,0,0,2,0,1,,167.9,191.1,42.6,,,,,
Javorius Allen,BAL,RB,23,129,29,,,,,,0,0,0,1,1,1,,166.1,7.9,145.9,,,,,
Chris Thompson,WAS,RB,24,27,54,116,,,,,0,0,0,1,1,2,,164.8,147.5,92.6,15.9,,,,
Marshawn Lynch,OAK,RB,25,,63,4,5,5,6,34,0,3,4,0,2,1,,164.3,,80.7,302.3,275.3,269.6,243.6,138.2
Latavius Murray,MIN,RB,26,13,10,49,,,,,0,0,1,1,1,1,,157.4,208.2,204.8,85.7,,,,
Theo Riddick,DET,RB,27,25,18,46,109,,,,0,0,0,1,2,2,,154,161.8,179,94.7,15.1,,,
Giovani Bernard,CIN,RB,28,41,16,16,13,,,,0,0,0,3,1,1,,151.7,122.3,181.2,187.9,222.9,,,
Bilal Powell,NYJ,RB,29,16,34,87,33,43,141,,0,0,0,1,3,3,,145.2,197,135.1,40.3,138.9,98.7,3.8,
Jamaal Williams,GB,RB,30,,,,,,,,0,0,0,0,1,0,,142.8,,,,,,,
Isaiah Crowell,CLE,RB,31,14,33,33,,,,,0,0,0,1,3,0,,141.5,204.3,137.8,122.4,,,,
Joe Mixon,CIN,RB,32,,,,,,,,0,0,0,0,1,0,,141.3,,,,,,,
Kenyan Drake,MIA,RB,33,75,,,,,,,0,0,0,0,1,1,,140.3,43.5,,,,,,
Tarik Cohen,CHI,RB,34,,,,,,,,0,0,0,0,1,0,,139.3,,,,,,,
Orleans Darkwa,NYG,RB,35,97,103,112,,,,,0,0,0,0,1,3,,127.9,26.3,27.4,18.1,,,,
Jay Ajayi,MIA,RB,36,11,86,,,,,,0,0,1,0,1,1,,135.1,215.3,40.7,,,,,
Derrick Henry,TEN,RB,38,45,,,,,,,0,0,0,0,0,2,,135,105.7,,,,,,
James White,NE,RB,39,26,40,128,,,,,0,0,0,0,1,3,,134,161.7,122.6,11.1,,,,
Rex Burkhead,NE,RB,40,58,107,107,,,,,0,0,0,0,0,4,,104.5,75.9,23.8,20.6,,,,
Ameer Abdullah,DET,RB,41,96,43,,,,,,0,0,0,0,0,3,,124.4,26.8,117.1,,,,,
Matt Forte,NYJ,RB,42,21,7,3,2,11,12,9,0,2,6,1,0,1,,121.4,183.6,212.7,342.6,336.3,221.4,220.9,262.6
Jonathan Stewart,CAR,RB,43,29,24,23,91,51,17,45,0,0,0,3,1,4,,117.2,146.4,162.8,146.3,29.4,78.3,194.4,105.3
Samaje Perine,WAS,RB,44,,,,,,,,0,0,0,0,0,1,,108.5,,,,,,,
Austin Ekeler,LAC,RB,45,,,,,,,,0,0,0,0,0,1,,106.9,,,,,,,
LeGarrette Blount,PHI,RB,46,9,39,43,38,96,35,35,0,0,1,0,2,5,,97.9,232.9,122.6,98.1,121,28.3,131.9,137.1
Wayne Gallman,NYG,RB,47,,,,,,,,0,0,0,0,0,1,,104.9,,,,,,,
Matt Breida,SF,RB,48,,,,,,,,0,0,0,0,0,1,,103.5,,,,,,,
Marlon Mack,IND,RB,49,,,,,,,,0,0,0,0,0,1,,103.3,,,,,,,
J.D. McKissic,SEA,RB,50,140,,,,,,,0,0,0,0,0,2,,97.3,,,,,,,
Rod Smith,DAL,RB,51,154,153,,,,,,0,0,0,0,0,3,,92.4,1.4,2.1,,,,,
Ty Montgomery,GB,RB,52,33,85,,,,,,0,0,0,0,1,2,,91.6,140.5,42,,,,,
Devontae Booker,DEN,RB,53,31,,,,,,,0,0,0,0,1,1,,91.4,144.7,,,,,,
Corey Clement,PHI,RB,54,,,,,,,,0,0,0,0,0,1,,90.4,,,,,,,
T.J. Yeldon,JAX,RB,55,36,27,,,,,,0,0,0,0,2,1,,87.7,137.7,155.9,,,,,
Andre Ellington,ARI,RB,56,134,92,35,37,,,,0,0,0,0,1,4,,87.4,30.1,74.7,177.5,165.3,,,
Jalen Richard,OAK,RB,58,42,,,,,,,0,0,0,0,0,2,,86.1,115.6,,,,,,
Shane Vereen,NYG,RB,59,79,26,19,34,59,122,,0,0,0,1,2,4,,85.7,38.2,158.5,166.8,134.5,70,11.7,
Peyton Barber,TB,RB,60,83,,,,,,,0,0,0,0,0,2,,85.7,36.1,,,,,,
DeAndre Washington,OAK,RB,61,56,,,,,,,0,0,0,0,0,2,,85,85.2,,,,,,
Chris Ivory,JAX,RB,62,49,11,22,47,86,80,48,0,0,1,1,0,6,,84.6,94.5,202.7,152.3,104.3,37.2,43.4,100.3
Aaron Jones,GB,RB,63,,,,,,,,0,0,0,0,0,1,,80,,,,,,,
Adrian Peterson,ARI,RB,64,125,2,127,11,1,15,6,1,2,4,1,0,3,,78.9,9,260.7,11.3,232.7,345.4,207.2,275.9
Elijah McGuire,NYJ,RB,66,,,,,,,,0,0,0,0,0,1,,74.2,,,,,,,
Doug Martin,TB,RB,67,55,4,51,56,2,,,0,2,2,0,0,4,,74,85.5,232.3,80.8,68.2,311.6,,
Charles Sims,TB,RB,68,64,17,72,,,,,0,0,0,1,0,3,,73.4,67.9,180,60.5,,,,
Charcandrick West,KC,RB,69,50,35,,,,,,0,0,0,0,1,2,,73.2,94.1,132.8,,,,,
Alfred Morris,DAL,RB,70,77,52,17,21,8,,,0,0,1,2,0,3,,72.2,40.4,97.8,187.9,178.3,251.3,,
Kyle Juszczyk,SF,RB,71,63,53,88,,,,,0,0,0,0,0,4,,69.6,71.8,97.4,39.2,,,,
Mike Gillislee,NE,RB,72,40,75,,137,,,,0,0,0,0,0,4,,68.8,125.6,51.6,,2.1,,,
Kerwynn Williams,ARI,RB,73,92,110,97,,,,,0,0,0,0,0,4,,67.9,29.3,21.8,27.7,,,,
Jamaal Charles,DEN,RB,74,111,51,7,1,9,105,4,1,2,4,0,0,4,,67.5,13.4,101.1,253,378.1,240.9,18.2,282.5
Dalvin Cook,MIN,RB,75,,,,,,,,0,0,0,0,0,1,,65.4,,,,,,,
Damien Williams,MIA,RB,76,52,80,73,,,,,0,0,0,0,0,4,,59.6,93.4,45.1,57.9,,,,
Danny Woodhead,BAL,RB,77,95,3,125,12,23,56,25,0,1,2,1,1,4,,58.6,27.1,244.1,12.2,223,156.7,74.8,160.6
D'Onta Foreman,HOU,RB,78,,,,,,,,0,0,0,0,0,1,,57,,,,,,,
Benny Cunningham,CHI,RB,79,87,73,31,74,,,,0,0,0,0,1,4,,56.9,35.2,65,124.8,42,,,
Mike Davis,SEA,RB,80,110,119,,,,,,0,0,0,0,0,3,,52.1,14.5,16.6,,,,,
Mike Tolbert,BUF,RB,81,88,59,95,37,36,16,23,0,0,0,2,1,5,,50.5,34.6,83,29.1,123.5,114.1,204.3,180.1
Jacquizz Rodgers,TB,RB,82,54,138,52,32,28,60,,0,0,0,0,2,5,,46.8,90.8,6.1,80,141.4,141.4,70.3,
Wendell Smallwood,PHI,RB,83,73,,,,,,,0,0,0,0,0,2,,46.7,46.7,,,,,,
Malcolm Brown,LAR,RB,84,123,149,,,,,,0,0,0,0,0,3,,44.9,9.5,2.5,,,,,
Alfred Blue,HOU,RB,85,66,45,44,,,,,0,0,0,0,0,4,,44.6,62,111.7,97.1,,,,
Rob Kelley,WAS,RB,86,37,,,,,,,0,0,0,0,0,2,,43.2,132.6,,,,,,
Corey Grant,JAX,RB,87,85,156,,,,,,0,0,0,0,0,3,,41.9,35.9,1.5,,,,,
Kapri Bibbs,SF,RB,88,94,,,,,,,0,0,0,0,0,2,,40.7,28.4,,,,,,
Chris Carson,SEA,RB,89,,,,,,,,0,0,0,0,0,1,,39.7,,,,,,,
Travaris Cadet,NYJ,RB,90,51,79,62,119,132,,,0,0,0,0,0,6,,37.5,94,45.2,72.8,8.5,7.9,,
D.J. Foster,ARI,RB,92,142,,,,,,,0,0,0,0,0,2,,32.2,3.6,,,,,,
Elijhaa Penny,ARI,RB,93,,,,,,,,0,0,0,0,0,1,,32.2,,,,,,,
Thomas Rawls,SEA,RB,94,59,36,,,,,,0,0,0,0,1,2,,32.1,75.5,127.6,,,,,
Tommy Bohanon,JAX,RB,96,,131,141,100,,,,0,0,0,0,0,4,,28.8,,9.8,5.3,24.1,,,
Eddie Lacy,SEA,RB,97,76,32,5,7,,,,0,1,2,0,1,2,,28.6,42.8,140.6,272.6,242.5,,,
Terrance West,BAL,RB,98,23,106,39,,,,,0,0,0,1,0,3,,28.1,171,25,112.7,,,,
Robert Turbin,IND,RB,99,44,90,57,79,55,,,0,0,0,0,0,6,,25.9,108.3,35.2,75.6,38.4,72.5,,
Kenjon Barner,PHI,RB,100,89,111,,133,,,,0,0,0,0,0,4,,22.3,34.1,21.6,,3.4,,,
Paul Perkins,NYG,RB,101,57,,,,,,,0,0,0,0,0,2,,21.6,76.8,,,,,,
C.J. Ham,MIN,RB,102,,,,,,,,0,0,0,0,0,1,,21.1,,,,,,,
Anthony Sherman,KC,RB,103,136,136,101,81,129,113,,0,0,0,0,0,7,,20.7,5.1,7.4,23.9,37.8,8.9,15.5,
Chris Johnson,ARI,RB,104,108,48,36,8,13,9,7,0,0,3,1,1,3,,20.7,15.5,107.2,115.4,240.2,210.9,225.5,272.9
Jamize Olawale,OAK,RB,105,69,95,111,,,,,0,0,0,0,0,4,,19.6,57.4,34.4,18.8,,,,
Darren Sproles,PHI,RB,106,24,28,24,24,12,5,30,0,1,2,3,2,1,,18.4,162.5,149.5,145.6,171.4,214.1,271.3,144
Ryan Hewitt,CIN,RB,106,105,78,70,,,,,0,0,0,0,0,4,,4.2,3.3,17.9,18.6,,,,
Fozzy Whittaker,CAR,RB,107,62,91,89,75,,,,0,0,0,0,0,5,,17.5,72.1,35.2,37.5,41.9,,,
Jeremy Hill,CIN,RB,108,22,20,11,,,,,0,0,1,2,0,1,,17.2,176.3,168.3,210.9,,,,
C.J. Prosise,SEA,RB,109,67,,,,,,,0,0,0,0,0,2,,17,61,,,,,,
Branden Oliver,LAC,RB,110,,93,25,,,,,0,0,0,0,1,2,,16.9,,35,145.3,,,,
Stevan Ridley,MIN,RB,111,,125,77,35,15,72,,0,0,0,1,1,4,,16.8,,12.8,52,127.5,205.4,54.6,
Cameron Artis-Payne,CAR,RB,112,93,92,,,,,,0,0,0,0,0,3,,16.7,28.5,35.1,,,,,
Andy Janovich,DEN,RB,113,103,,,,,,,0,0,0,0,0,2,,14.7,18.7,,,,,,
Roosevelt Nix,PIT,RB,114,145,144,,,,,,0,0,0,0,0,3,,14.6,2.5,3.6,,,,,
James Conner,PIT,RB,115,,,,,,,,0,0,0,0,0,1,,14.4,,,,,,,
David Johnson,PIT,RB,116,1,8,104,75,,53,82,1,1,2,0,0,5,,13.1,405.8,209.8,1.4,11,,27.1,8.6
Tyler Ervin,HOU,RB,117,158,,,,,,,0,0,0,0,0,2,,13,1.1,,,,,,
Byron Marshall,PHI,RB,118,120,,,,,,,0,0,0,0,0,2,,12.8,10.4,,,,,,
Aaron Ripkowski,GB,RB,119,74,148,,,,,,0,0,0,0,0,3,,12.2,46.6,2.8,,,,,
Lance Dunbar,LAR,RB,120,80,77,82,98,123,,,0,0,0,0,0,6,,12.2,37.3,49.2,49.6,25.9,13.1,,
Zach Line,NO,RB,121,150,94,,138,,,,0,0,0,0,0,4,,11.6,1.5,34.5,,1.8,,,
Trey Edmunds,NO,RB,122,,,,,,,,0,0,0,0,0,1,,10.8,,,,,,,
James Develin,NE,RB,123,137,,130,,,,,0,0,0,0,0,3,,9.8,4.8,,10.8,,,,
Terron Ward,ATL,RB,124,106,98,,,,,,0,0,0,0,0,3,,9.7,17.2,31.8,,,,,
Patrick DiMarco,BUF,RB,125,105,88,104,,,,,0,0,0,0,0,4,,9.6,18.2,36,21.2,,,,
Akeem Hunt,KC,RB,126,107,115,,,,,,0,0,0,0,0,3,,9.4,16.8,19.5,,,,,
Zach Zenner,DET,RB,127,53,134,,,,,,0,0,0,0,0,3,,8.6,93,9.1,,,,,
Tre Madden,SEA,RB,128,,,,,,,,0,0,0,0,0,1,,8.5,,,,,,,
Brandon Bolden,NE,RB,129,139,71,113,54,78,,,0,0,0,0,0,6,,8.4,3.9,69.7,17.7,81.3,42.5,,
Matt Dayes,CLE,RB,130,,,,,,,,0,0,0,0,0,1,,8.1,,,,,,,
Derek Watt,LAC,RB,131,115,,,,,,,0,0,0,0,0,2,,7.9,12.7,,,,,,
Dwayne Washington,DET,RB,132,72,,,,,,,0,0,0,0,0,2,,7.8,48.7,,,,,,
Jay Prosch,HOU,RB,133,146,146,144,,,,,0,0,0,0,0,4,,7.1,2.5,3.3,3.4,,,,
Bobby Rainey,BAL,RB,134,78,141,40,43,,,,0,0,0,0,0,5,,7,39.6,4.4,111.1,110.2,,,
Marcus Murphy,NYJ,RB,135,155,,,,,,,0,0,0,0,0,2,,6.8,1.3,,,,,,
Jalston Fowler,TEN,RB,136,144,109,,,,,,0,0,0,0,0,3,,6.4,2.7,22.7,,,,,
Fitzgerald Toussaint,PIT,RB,138,118,143,138,,,,,0,0,0,0,0,4,,5.4,12.1,4.2,6.9,,,,
Josh Ferguson,IND,RB,139,86,,,,,,,0,0,0,0,0,2,,5.1,35.6,,,,,,
Mack Brown,MIN,RB,140,109,,,,,,,0,0,0,0,0,2,,5,15,,,,,,
Dan Vitale,CLE,RB,141,131,,,,,,,0,0,0,0,0,2,,4.9,6.7,,,,,,
Derrick Coleman,ATL,RB,142,,142,129,,,,,0,0,0,0,0,3,,4.8,,4.2,10.9,,,,
Senorise Perry,MIA,RB,143,,,,,,,,0,0,0,0,0,1,,4.3,,,,,,,
Michael Burton,CHI,RB,144,,120,,,,,,0,0,0,0,0,2,,3.7,,16.1,,,,,
Brian Hill,ATL,RB,145,,,,,,,,0,0,0,0,0,1,,9.3,,,,,,,
Andre Williams,LAC,RB,146,126,96,26,,,,,0,0,0,0,1,3,,2.5,8.7,33.4,145,,,,
David Fluellen,TEN,RB,147,,,,,,,,0,0,0,0,0,1,,2.1,,,,,,,
Taiwan Jones,BUF,RB,148,130,102,,122,136,120,,0,0,0,0,0,6,,2.1,7.5,28.8,,7.8,5.2,11.8,
Matt Jones,IND,RB,149,60,44,,,,,,0,0,0,0,0,3,,1.4,75.3,114.4,,,,,
Devante Mays,GB,RB,152,,,,,,,,0,0,0,0,0,1,,1.1,,,,,,,
Raheem Mostert,SF,RB,153,,,,,,,,0,0,0,0,0,1,,1,,,,,,,
Terrell Watson,PIT,RB,154,122,,,,,,,0,0,0,0,0,2,,0.8,10.3,,,,,,
John Kuhn,NO,RB,155,70,105,106,92,80,63,52,0,0,0,0,0,8,,0.2,56.7,26.4,20.8,28.9,42.1,66.5,88.8
Justin Davis,LAR,RB,156,,,,,,,,0,0,0,0,0,1,,0.1,,,,,,,
C.J. Spiller,KC,RB,157,102,62,67,26,6,27,61,0,0,1,0,2,5,,0,18.8,81.1,65.4,156.4,255.3,158,68
Marquez Williams,JAX,RB,158,,,,,,,,0,0,0,0,0,1,,0,,,,,,,
Darren McFadden,DAL,RB,160,112,13,34,49,25,36,8,0,0,1,1,3,3,,-0.2,13.4,193.7,120.6,93.7,152.5,123.8,267.4
De'Angelo Henderson,DEN,RB,,,,,,,,,0,0,0,0,0,0,,,,,,,,,
Steven Jackson,NE,RB,,,123,27,28,17,10,10,0,0,2,1,2,1,,,,14,141.5,148.3,198.3,223.8,242.4
Reggie Bush,BUF,RB,,99,135,41,9,14,13,57,0,0,1,2,0,4,,,21.7,8.7,107,239.2,206.8,220.3,73.8
DeAngelo Williams,PIT,RB,,48,6,94,25,27,29,66,0,0,1,0,3,3,,,100.1,229.4,29.3,162.6,143.4,155.1,57.2
Fred Jackson,SEA,RB,,,66,18,10,35,14,21,0,0,1,3,1,1,,,,77.7,186.7,233.1,115.4,208.6,183.2
Ahmad Bradshaw,IND,RB,,,83,21,76,20,20,12,0,0,1,3,0,2,,,,42.9,154.5,41.8,179,190.6,237.9
Pierre Thomas,WAS,RB,,,108,32,16,32,21,54,0,0,0,2,2,2,,,,23.8,123,213.2,133.7,182.7,88
Jerome Felton,BUF,RB,,114,150,146,114,133,126,97,0,0,0,0,0,7,,,13,2.4,2.7,9.7,6.5,9,19
Tim Hightower,SF,RB,,39,56,,,,68,37,0,0,0,0,0,4,,,126.8,86.4,,,,61.9,130.2
Justin Forsett,DEN,RB,,65,41,8,96,70,71,40,0,0,1,0,0,6,,,62.6,122.4,244.9,26.3,50.3,56.3,122.2
Marcel Reece,SEA,RB,,117,64,55,42,31,54,50,0,0,0,0,1,6,,,12.2,78.5,76,110.9,134.7,78.3,92.5
Donald Brown,NE,RB,,,78,63,27,60,37,47,0,0,0,0,1,5,,,,45.7,72.4,150.1,66,119.1,102.2
Rashad Jennings,NYG,RB,,35,22,28,23,58,,41,0,0,0,2,2,2,,,138.4,164.9,138.5,174.5,70.3,,118.2
Cedric Peerman,CIN,RB,,151,,133,139,71,155,144,0,0,0,0,0,6,,,1.5,,10,1.7,49.3,1.5,2.2
Marcus Thigpen,BUF,RB,,,,,,,,,0,0,0,0,0,0,,,,,,,,,
Darrel Young,CAR,RB,,,133,80,77,87,86,122,0,0,0,0,0,6,,,,9.6,51.3,39.2,36.9,37.1,9.2
Ryan Mathews,PHI,RB,,32,37,66,17,30,7,32,0,0,1,1,3,2,,,140.6,124.5,66.9,210.4,136.9,236.6,140
Dexter McCluster,LAC,RB,,119,55,71,40,40,31,68,0,0,0,0,1,6,,,10.8,89.7,62.8,116.7,106.2,136.4,53
Ben Tate,PIT,RB,,,,56,29,68,32,,0,0,0,0,2,2,,,,,76,145.1,53.8,135,
Toby Gerhart,JAX,RB,,,132,50,60,66,38,58,0,0,0,0,0,6,,,,9.7,81.2,60.1,54.4,119.1,69.9
Boobie Dixon,BUF,RB,,,,,,,,,0,0,0,0,0,0,,,,,,,,,
James Starks,GB,RB,,68,21,54,50,84,43,113,0,0,0,1,0,6,,,58.9,166.3,77.3,92.2,38.6,112.4,13.6
Joique Bell,DET,RB,,152,50,13,15,24,,,0,0,0,3,0,2,,,1.4,105.7,198.2,214.7,155.9,,
Tyler Clutts,DAL,RB,,,157,153,,,118,,0,0,0,0,0,3,,,,1.4,1.1,,,12.8,
Ryan Williams,DAL,RB,,,,,,103,,,0,0,0,0,0,1,,,,,,,23.8,,
Kendall Hunter,NO,RB,,,,,65,62,45,,0,0,0,0,0,3,,,,,,55.1,62.1,94.8,
Jordan Todman,HOU,RB,,135,151,59,55,146,,,0,0,0,0,0,5,,,5.9,2.2,75.4,69.2,1.8,,
Roy Helu Jr.,OAK,RB,,,104,30,45,124,24,,0,0,0,1,1,3,,,,26.4,127.3,107.5,11.7,164.9,
DuJuan Harris,JAX,RB,,81,89,135,,110,135,,0,0,0,0,0,5,,,37.3,35.6,8.5,,19.6,5.6,
Matt Asiata,DET,RB,,38,82,15,78,142,,,0,0,0,1,0,4,,,132.5,43.4,190.2,38.9,2.1,,
Shaun Draughn,NYG,RB,,43,65,149,,54,,,0,0,0,0,0,4,,,108.9,77.9,1.9,,73.1,,
Chase Reynolds,LAR,RB,,153,,,,,,,0,0,0,0,0,1,,,1.4,,,,,,
Will Johnson,NYG,RB,,,130,132,107,90,,,0,0,0,0,0,4,,,,10.3,10.1,18.1,35.4,,
Trent Richardson,BAL,RB,,,,35,30,7,,,0,0,1,0,2,0,,,,,117.8,144.9,254.7,,
Chris Polk,HOU,RB,,,69,85,80,,,,0,0,0,0,0,3,,,,72.3,44.8,37.9,,,
Bernard Pierce,DEN,RB,,,140,83,53,57,,,0,0,0,0,0,4,,,,4.8,49.6,86,70.9,,
Ronnie Hillman,DAL,RB,,91,25,42,68,69,,,0,0,0,0,1,4,,,29.4,161.4,102.3,49.7,52.9,,
Cyrus Gray,ATL,RB,,,,134,110,130,,,0,0,0,0,0,3,,,,,9.1,14,8.2,,
Vick Ballard,NO,RB,,,,,123,33,,,0,0,0,0,1,1,,,,,,6.8,131.6,,
Daniel Herron,BUF,RB,,,,,,,,,0,0,0,0,0,0,,,,,,,,,
Bryce Brown,SEA,RB,,,124,86,61,44,,,0,0,0,0,0,4,,,,13.2,44.2,59.8,93,,
Daryl Richardson,IND,RB,,,,,70,48,,,0,0,0,0,0,2,,,,,,47.6,83.8,,
Cory Harkey,LAR,RB,,,91,68,,,,,0,0,0,0,0,2,,,,7.6,19.5,,,,
Joe Banyard,BUF,RB,,,,100,,,,,0,0,0,0,0,1,,,,,24,,,,
Jonas Gray,JAX,RB,,,97,61,,,,,0,0,0,0,0,2,,,,32.2,72.9,,,,
Jonathan Grimes,JAX,RB,,90,57,93,99,,,,0,0,0,0,0,4,,,32.9,83.5,29.9,24.9,,,
Knile Davis,PIT,RB,,121,118,37,58,,,,0,0,0,0,0,4,,,10.3,17.6,115,64.7,,,
Christine Michael,IND,RB,,34,101,110,121,,,,0,0,0,0,1,3,,,139,28.9,19.7,7.9,,,
Denard Robinson,JAX,RB,,100,72,38,136,,,,0,0,0,0,0,4,,,19.6,66.8,113.6,2.6,,,
Mike James,DET,RB,,128,,143,71,,,,0,0,0,0,0,3,,,8.1,,4.2,43.8,,,
Stepfan Taylor,ARI,RB,,157,137,70,95,,,,0,0,0,0,0,4,,,1.2,7.2,63.7,26.6,,,
Zac Stacy,NYJ,RB,,,100,69,19,,,,0,0,0,1,0,2,,,,30.4,64.5,183.4,,,
Spencer Ware,KC,RB,,17,60,,142,,,,0,0,0,1,0,2,,,193.9,82.8,,1,,,
Kendall Gaskins,SF,RB,,,116,,,,,,0,0,0,0,0,1,,,,18.7,,,,,
Steven Miller,DET,RB,,,,,,,,,0,0,0,0,0,0,,,,,,,,,
George Winn,IND,RB,,,,136,,,,,0,0,0,0,0,1,,,,,7.3,,,,
Khiry Robinson,NYJ,RB,,,70,68,93,,,,0,0,0,0,0,3,,,,70.5,64.5,28.4,,,
Dri Archer,BUF,RB,,,,124,,,,,0,0,0,0,0,1,,,,,13.3,,,,
Tre Mason,LAR,RB,,,76,29,,,,,0,0,0,0,1,1,,,,51.5,135.3,,,,
Bishop Sankey,MIN,RB,,,74,45,,,,,0,0,0,0,0,2,,,,57.2,96.5,,,,
Tyler Gaffney,JAX,RB,,,,,,,,,0,0,0,0,0,0,,,,,,,,,
Lache Seastrunk,NYJ,RB,,,,,,,,,0,0,0,0,0,0,,,,,,,,,
Ka'Deem Carey,CHI,RB,,98,87,98,,,,,0,0,0,0,0,3,,,23.1,36.8,26.5,,,,
Lorenzo Taliaferro,BAL,RB,,138,117,64,,,,,0,0,0,0,0,3,,,4,18.6,70.6,,,,
Marion Grice,ARI,RB,,,,109,,,,,0,0,0,0,0,1,,,,,20,,,,
Juwan Thompson,DEN,RB,,127,121,79,,,,,0,0,0,0,0,3,,,8.6,15.9,51.7,,,,
Antonio Andrews,TEN,RB,,148,49,145,,,,,0,0,0,0,0,3,,,1.5,106.4,3.1,,,,
Darrin Reaves,KC,RB,,,,117,,,,,0,0,0,0,0,1,,,,,15.8,,,,
Silas Redd,WAS,RB,,,,91,,,,,0,0,0,0,0,1,,,,,32.2,,,,
Trey Watts,LAR,RB,,,,166,,,,,0,0,0,0,0,1,,,,,7.8,,,,
Glenn Winston,CLE,RB,,,,,,,,,0,0,0,0,0,0,,,,,,,,,
Jeremy Langford,BAL,RB,,61,30,,,,,,0,0,0,0,1,1,,,73.2,145.6,,,,,
Malcolm Johnson,SEA,RB,,90,95,,,,,,0,0,0,0,0,2,,,7.6,5.5,,,,,
Joey Iosefa,NE,RB,,,139,,,,,,0,0,0,0,0,1,,,,5.1,,,,,
David Cobb,CHI,RB,,,113,,,,,,0,0,0,0,0,1,,,,21.4,,,,,
Karlos Williams,PIT,RB,,,38,,,,,,0,0,0,0,0,1,,,,124.3,,,,,
Kenny Hilliard,WAS,RB,,,,,,,,,0,0,0,0,0,0,,,,,,,,,
Josh Robinson,IND,RB,,,129,,,,,,0,0,0,0,0,1,,,,11.2,,,,,
Tyler Varga,IND,RB,,,147,,,,,,0,0,0,0,0,1,,,,3,,,,,
Michael Dyer,OAK,RB,,,,,,,,,0,0,0,0,0,0,,,,,,,,,
John Crockett,OAK,RB,,,152,,,,,,0,0,0,0,0,1,,,,2.1,,,,,
Terrence Magee,CLE,RB,,156,155,,,,,,0,0,0,0,0,2,,,1.2,1.7,,,,,
Gus Johnson,LAC,RB,,,,,,,,,0,0,0,0,0,0,,,,,,,,,
Jarryd Hayne,SF,RB,,,127,,,,,,0,0,0,0,0,1,,,,11.9,,,,,
Brandon Wegher,LAR,RB,,,,,,,,,0,0,0,0,0,0,,,,,,,,,
Alonzo Harris,GB,RB,,,154,,,,,,0,0,0,0,0,1,,,,1.9,,,,,
Nikita Whitlock,NYG,RB,,,,,,,,,0,0,0,0,0,0,,,,,,,,,
Trey Williams,PIT,RB,,,158,,,,,,0,0,0,0,0,1,,,,1.2,,,,,
Kenneth Dixon,BAL,RB,,47,,,,,,,0,0,0,0,0,1,,,102.4,,,,,,
Jonathan Williams,BUF,RB,,116,,,,,,,0,0,0,0,0,1,,,12.4,,,,,,
Kelvin Taylor,ATL,RB,,,,,,,,,0,0,0,0,0,0,,,,,,,,,
Darius Jackson,CLE,RB,,,,,,,,,0,0,0,0,0,0,,,,,,,,,
Daniel Lasco,NO,RB,,133,,,,,,,0,0,0,0,0,1,,,6.3,,,,,,
Keith Marshall,WAS,RB,,,,,,,,,0,0,0,0,0,0,,,,,,,,,
Zac Brooks,SEA,RB,,,,,,,,,0,0,0,0,0,0,,,,,,,,,
Brandon Wilds,CLE,RB,,132,,,,,,,0,0,0,0,0,1,,,6.7,,,,,,
Jhurell Pressley,ATL,RB,,,,,,,,,0,0,0,0,0,0,,,,,,,,,
George Atkinson III,OAK,RB,,124,,,,,,,0,0,0,0,0,1,,,,,,,,,
James Wilder Jr.,BUF,RB,,,,,,,,,0,0,0,0,0,0,,,,,,,,,
Dreamius Smith,LAC,RB,,,,,,,,,0,0,0,0,0,0,,,,,,,,,
Devon Johnson,CAR,RB,,,,,,,,,0,0,0,0,0,0,,,,,,,,,
Troymaine Pope,IND,RB,,134,,,,,,,0,0,0,0,0,1,,,5.9,,,,,,
Glenn Gronkowski,NE,RB,,,,,,,,,0,0,0,0,0,0,,,,,,,,,
Julian Howsare,NYJ,RB,,,,,,,,,0,0,0,0,0,0,,,,,,,,,
Kenneth Farrow,LAC,RB,,82,,,,,,,0,0,0,0,0,1,,,37.2,,,,,,
Paul Lasike,CHI,RB,,147,,,,,,,0,0,0,0,0,1,,,2.1,,,,,,
Don Jackson,GB,RB,,143,,,,,,,0,0,0,0,0,1,,,3.2,,,,,,
George Farmer,SEA,RB,,149,,,,,,,0,0,0,0,0,1,,,1.5,,,,,,
Donnel Pumphrey,PHI,RB,,,,,,,,,0,0,0,0,0,0,,,,,,,,,
Elijah Hood,OAK,RB,,,,,,,,,0,0,0,0,0,0,,,,,,,,,
T.J. Logan,ARI,RB,,,,,,,,,0,0,0,0,0,0,,,,,,,,,
Sam Rogers,LAR,RB,,,,,,,,,0,0,0,0,0,0,,,,,,,,,
Joe Williams,SF,RB,,,,,,,,,0,0,0,0,0,0,,,,,,,,,
Khalfani Muhammad,TEN,RB,,,,,,,,,0,0,0,0,0,0,,,,,,,,,
Freddie Stevenson,CHI,RB,,,,,,,,,0,0,0,0,0,0,,,,,,,,,
Algernon Brown,NYJ,RB,,,,,,,,,0,0,0,0,0,0,,,,,,,,,
Jahad Thomas,NYJ,RB,,,,,,,,,0,0,0,0,0,0,,,,,,,,,
Taquan Mizzell,CHI,RB,,,,,,,,,0,0,0,0,0,0,,,,,,,,,
Arian Foster,MIA,RB,,101,67,6,46,3,4,1,1,3,4,0,0,3,,,19.3,77,269.3,106.5,300.8,303.1,391.8
Jorvorskie Lane,TB,RB,,,145,137,,89,,,0,0,0,0,0,3,,,,3.3,7.1,,36.2,,
Antone Smith,TB,RB,,104,159,53,90,,,,0,0,0,0,0,4,,,18.4,1.1,77.6,29.5,,,
Daniel Thomas,MIA,RB,,,,78,48,49,51,,0,0,0,0,0,4,,,,,51.9,97.9,83.1,81.3,
Isaiah Pead,MIA,RB,,141,,,105,131,,,0,0,0,0,0,3,,,3.8,,,20.9,8,,
LaMike James,MIA,RB,,,,,,,,,0,0,0,0,0,0,,,,,,,,,
Storm Johnson,MIA,RB,,,,105,,,,,0,0,0,0,0,1,,,,,21.2,,,,
Austin Johnson,TB,RB,,,122,126,,,,,0,0,0,0,0,2,,,,14.9,11.7,,,,
Jeremy McNichols,TB,RB,,,,,,,,,0,0,0,0,0,0,,,,,,,,,
Bronson Hill,JAC,RB,,159,,,,,,,0,0,0,0,0,1,,,1.1,,,,,,
Joseph Randle,DAL,RB,,,68,75,73,,,,0,0,0,0,0,3,,,,74,54.6,42.5,,,
Dan Herron,BUF,RB,,,112,58,113,,,,0,0,0,0,0,3,,,,21.6,75.4,10,,,
Anthony Dixon,BUF,RB,,,114,65,102,108,97,81,0,0,0,0,0,6,,,,20.8,68.1,23.6,19.8,22.3,41.8
Zurlon Tipton,IND,RB,,,126,108,,,,,0,0,0,0,0,2,,,,12.7,20.6,,,,
Will Tukuafu,SEA,RB,,,128,151,,,,,0,0,0,0,0,2,,,,11.8,1.6,,,,
Leon Washington,TEN,RB,,,,76,,112,78,86,0,0,0,0,0,4,,,,,53.6,,19.4,45.6,30.9
Shonn Greene,TEN,RB,,,,81,59,18,19,43,0,0,0,2,0,3,,,,,51.2,63.4,186.4,192.5,112.6
Montee Ball,DEN,RB,,,,90,44,,,,0,0,0,0,0,2,,,,,36.4,108.5,,,
Peyton Hillis,NYG,RB,,,,92,64,72,44,3,0,1,1,0,0,4,,,,,30.2,57.3,49.1,109.7,294.4
Maurice Jones-Drew,OAK,RB,,,,96,20,53,3,13,0,1,1,2,0,2,,,,,27.7,182.7,76,305,236
Joe McKnight,KC,RB,,,,99,,113,88,91,0,0,0,0,0,4,,,,,24.7,,18.7,36.3,23.9
Robert Hughes,ARI,RB,,,,102,,,,,0,0,0,0,0,1,,,,,23.1,,,,
Knowshon Moreno,MIA,RB,,,,103,4,37,81,19,0,1,1,1,0,3,,,,,22.6,296.7,112.5,43,196.1
Jed Collins,DET,RB,,,,114,89,93,82,,0,0,0,0,0,4,,,,,16.8,29.9,31,40.4,
Erik Lorig,NO,RB,,,,115,108,100,123,145,0,0,0,0,0,5,,,,,16.1,15.7,26.3,11.3,2
Ronnie Brown,HOU,RB,,,,118,83,38,107,26,0,0,0,0,1,4,,,,,15.7,35.7,108.1,17.6,156.6
Will Ta'ufo'ou,JAC,RB,,,,119,,,,,0,0,0,0,0,1,,,,,15.1,,,,
Jackie Battle,TEN,RB,,,,120,94,50,49,117,0,0,0,0,0,5,,,,,14.7,27.8,80.9,87.5,12.9
Jonathan Dwyer,ARI,RB,,,,121,85,42,116,138,0,0,0,0,0,5,,,,,13.9,34.1,98.9,13.9,2.8
Frank Summers,BUF,RB,,,,122,87,,,,0,0,0,0,0,2,,,,,13.6,31.5,,,
John Conner,NYJ,RB,,,,123,117,,117,115,0,0,0,0,0,4,,,,,13.5,9.1,,13.3,13.3
Chris Ogbonnaya,CAR,RB,,,,131,41,76,55,,0,0,0,0,0,4,,,,,10.5,114.2,43.7,77.5,
Michael Cox,NYG,RB,,,,139,120,,,,0,0,0,0,0,2,,,,,6.2,8.5,,,
Alfonso Smith,SF,RB,,,,140,97,137,98,,0,0,0,0,0,4,,,,,6,26.2,4.1,21.3,
Ray Agnew,CLE,RB,,,,142,,,,,0,0,0,0,0,1,,,,,4.7,,,,
Brian Leonard,NO,RB,,,,147,57,97,74,74,0,0,0,0,0,5,,,,,2.5,65.1,28.3,51.5,45.8
Jeremy Stewart,DEN,RB,,,,148,,,,,0,0,0,0,0,1,,,,,2.2,,,,
Josh Harris,PIT,RB,,,,150,,,,,0,0,0,0,0,1,,,,,1.6,,,,
Henry Hynoski,NYG,RB,,,,152,140,102,102,,0,0,0,0,0,4,,,,,1.3,1.5,24,20.3,
Ray Rice,BAL,RB,,,,,22,4,1,5,1,3,3,1,0,0,,,,,,176.1,283.1,368.8,276.9
Rashard Mendenhall,ARI,RB,,,,,31,85,22,11,0,0,1,1,1,1,,,,,,142.1,37.4,178.2,241.1
BenJarvus Green-Ellis,CIN,RB,,,,,39,22,28,17,0,0,0,2,1,1,,,,,,119.8,173.8,157.4,199.3
Andre Brown,NYG,RB,,,,,51,39,,,0,0,0,0,0,2,,,,,,91.5,107.1,,
Jason Snelling,ATL,RB,,,,,52,63,65,36,0,0,0,0,1,3,,,,,,91,61.6,65,136.7
Willis McGahee,CLE,RB,,,,,63,29,26,51,0,0,0,0,2,2,,,,,,57.7,137.2,161,89.2
Michael Bush,CHI,RB,,,,,66,47,11,27,0,0,1,0,1,2,,,,,,52.5,86.4,222.5,150.9
Brandon Jacobs,NYG,RB,,,,,69,,33,29,0,0,0,0,2,1,,,,,,49.1,,132.9,145.2
Edwin Baker,CLE,RB,,,,,72,,,,0,0,0,0,0,1,,,,,,42.8,,,
Stanley Havili,IND,RB,,,,,82,111,,,0,0,0,0,0,2,,,,,,37.5,19.5,,
Da'Rel Scott,NYG,RB,,,,,84,,143,,0,0,0,0,0,2,,,,,,34.5,,2.9,
Felix Jones,PIT,RB,,,,,86,34,41,22,0,0,0,1,1,2,,,,,,31.7,118.8,114.8,183
Dennis Johnson,HOU,RB,,,,,88,,,,0,0,0,0,0,1,,,,,,30.9,,,
Vonta Leach,BAL,RB,,,,,101,75,94,104,0,0,0,0,0,4,,,,,,24,44.5,25.4,17.1
Tashard Choice,BUF,RB,,,,,103,94,77,60,0,0,0,0,0,4,,,,,,23.5,30.2,48.6,68.2
Johnathan Franklin,GB,RB,,,,,104,,,,0,0,0,0,0,1,,,,,,21.7,,,
David Wilson,NYG,RB,,,,,106,56,,,0,0,0,0,0,2,,,,,,19.4,71.2,,
Phillip Tanner,DAL,RB,,,,,111,122,108,,0,0,0,0,0,3,,,,,,13.5,14.2,17.5,
Mike Goodson,NYJ,RB,,,,,112,61,156,38,0,0,0,0,0,4,,,,,,10,63.6,1.4,128.2
Tony Fiammetta,CHI,RB,,,,,115,,128,119,0,0,0,0,0,3,,,,,,9.7,,7.3,10.6
LaMichael James,SF,RB,,,,,116,114,,,0,0,0,0,0,2,,,,,,9.5,18.4,,
Greg Jones,HOU,RB,,,,,118,115,119,108,0,0,0,0,0,4,,,,,,8.6,18.2,12.6,16.1
Alex Green,NYJ,RB,,,,,124,52,147,,0,0,0,0,0,3,,,,,,6.3,77.9,2.7,
Deji Karim,HOU,RB,,,,,125,,85,95,0,0,0,0,0,3,,,,,,6,,39,20
LaRod Stephens-Howling,PIT,RB,,,,,126,46,64,77,0,0,0,0,0,4,,,,,,5,87.3,65.1,44.4
Bradie Ewing,ATL,RB,,,,,127,,,,0,0,0,0,0,1,,,,,,4.9,,,
Isaac Redman,PIT,RB,,,,,128,45,48,69,0,0,0,0,0,4,,,,,,4.7,90.4,87.7,50.9
Michael Robinson,SEA,RB,,,,,129,79,99,96,0,0,0,0,0,4,,,,,,4.7,42.5,21.1,19.4
Le'Ron McClain,SD,RB,,,,,130,119,83,79,0,0,0,0,0,4,,,,,,4.5,15.1,39.3,42.9
Bernard Scott,BAL,RB,,,,,131,138,59,71,0,0,0,0,0,4,,,,,,4.4,3.5,72.8,48.9
Ray Graham,HOU,RB,,,,,134,,,,0,0,0,0,0,1,,,,,,3,,,
Josh Vaughan,ATL,RB,,,,,135,,150,127,0,0,0,0,0,3,,,,,,2.8,,2.4,6.7
Evan Royster,WAS,RB,,,,,141,73,76,,0,0,0,0,0,3,,,,,,1.3,46.7,50.4,
Mikel Leshoure,DET,RB,,,,,,19,,,0,0,0,1,0,0,,,,,,,183.2,,
Michael Turner,ATL,RB,,,,,,21,8,14,0,0,1,2,0,0,,,,,,,176.1,229.8,225.6
Beanie Wells,ARI,RB,,,,,,64,23,62,0,0,0,1,0,2,,,,,,,54.8,175.9,64.1
Cedric Benson,GB,RB,,,,,,65,25,20,0,0,0,1,1,1,,,,,,,54.5,161.9,194.9
William Powell,ARI,RB,,,,,,67,,,0,0,0,0,0,1,,,,,,,53.8,,
Montell Owens,JAC,RB,,,,,,74,132,,0,0,0,0,0,2,,,,,,,46.2,6.1,
Chris Rainey,PIT,RB,,,,,,82,,,0,0,0,0,0,1,,,,,,,40.2,,
Lance Ball,DEN,RB,,,,,,83,53,94,0,0,0,0,0,3,,,,,,,38.9,79,20.4
Montario Hardesty,CLE,RB,,,,,,,,,0,0,0,0,0,0,,,,,,,36.7,52.8,
Delone Carter,IND,RB,,,,,,91,75,,0,0,0,0,0,2,,,,,,,32.5,50.5,
Curtis Brinkley,SD,RB,,,,,,92,92,150,0,0,0,0,0,3,,,,,,,31.2,27.2,1.1
DJ Ware,TB,RB,,,,,,95,69,93,0,0,0,0,0,3,,,,,,,29.1,60.3,21
Jalen Parmele,JAC,RB,,,,,,99,,,0,0,0,0,0,1,,,,,,,27.3,,
Lawrence Vickers,DAL,RB,,,,,,101,129,128,0,0,0,0,0,3,,,,,,,24.5,6.9,6.6
Jamie Harper,TEN,RB,,,,,,104,112,,0,0,0,0,0,2,,,,,,,22.8,15.6,
Armando Allen,CHI,RB,,,,,,106,138,,0,0,0,0,0,2,,,,,,,22,4.8,
Jacob Hester,DEN,RB,,,,,,107,90,72,0,0,0,0,0,3,,,,,,,21.8,31.8,48.5
Mewelde Moore,IND,RB,,,,,,109,84,67,0,0,0,0,0,3,,,,,,,19.7,39.1,56.4
Baron Batch,PIT,RB,,,,,,116,,,0,0,0,0,0,1,,,,,,,18,,
Anthony Allen,BAL,RB,,,,,,118,,,0,0,0,0,0,1,,,,,,,15.3,,
Darius Reynaud,TEN,RB,,,,,,120,,,0,0,0,0,0,1,,,,,,,14.5,,
Keith Toston,JAC,RB,,,,,,121,,120,0,0,0,0,0,2,,,,,,,14.5,,10.3
Lex Hilliard,NE,RB,,,,,,125,103,149,0,0,0,0,0,3,,,,,,,9.6,20,1.3
Quinn Johnson,TEN,RB,,,,,,126,133,132,0,0,0,0,0,3,,,,,,,9.5,6,5.6
Brandon Jackson,CLE,RB,,,,,,127,,24,0,0,0,1,0,1,,,,,,,9.4,,171.5
Kahlil Bell,CHI,RB,,,,,,128,61,,0,0,0,0,0,2,,,,,,,8.9,70,
Evan Rodriguez,CHI,RB,,,,,,134,,,0,0,0,0,0,1,,,,,,,6.1,,
Javon Ringer,TEN,RB,,,,,,135,62,73,0,0,0,0,0,3,,,,,,,5.6,69.2,47.3
Johnny White,BUF,RB,,,,,,139,139,,0,0,0,0,0,2,,,,,,,3.4,4.5,
Keiland Williams,DET,RB,,,,,,140,79,39,0,0,0,0,0,3,,,,,,,3.2,43.7,124
Kregg Lumpkin,NYG,RB,,,,,,141,52,143,0,0,0,0,0,3,,,,,,,2.2,80.6,2.2
Chris Gronkowski,DEN,RB,,,,,,143,,100,0,0,0,0,0,2,,,,,,,2.1,,18.2
Corey McIntyre,BUF,RB,,,,,,,,,0,0,0,0,0,0,,,,,,,1.9,1.4,11.7
Lousaka Polite,ATL,RB,,,,,,145,,87,0,0,0,0,0,2,,,,,,,1.8,,30.3
Reagan Maui'a,ARI,RB,,,,,,147,151,137,0,0,0,0,0,3,,,,,,,1.7,2.2,4
Shaun Chapas,DET,RB,,,,,,148,153,,0,0,0,0,0,2,,,,,,,1.6,1.9,
LaDainian Tomlinson,NYJ,RB,,,,,,,34,15,0,0,0,1,1,0,,,,,,,,132.9,214.9
Jahvid Best,DET,RB,,,,,,,42,18,0,0,0,1,0,1,,,,,,,,112.7,197
Maurice Morris,DET,RB,,,,,,,46,44,0,0,0,0,0,2,,,,,,,,92.6,105.6
Marion Barber,CHI,RB,,,,,,,50,56,0,0,0,0,0,2,,,,,,,,86,77.3
Ricky Williams,BAL,RB,,,,,,,57,42,0,0,0,0,0,2,,,,,,,,73.7,114.4
Joseph Addai,IND,RB,,,,,,,58,46,0,0,0,0,0,2,,,,,,,,73.6,102.9
Cadillac Williams,STL,RB,,,,,,,66,31,0,0,0,0,1,1,,,,,,,,63.4,141.2
Earnest Graham,TB,RB,,,,,,,67,70,0,0,0,0,0,2,,,,,,,,62.9,48.9
Thomas Jones,KC,RB,,,,,,,70,28,0,0,0,0,1,1,,,,,,,,57.1,149.8
Chester Taylor,ARI,RB,,,,,,,87,55,0,0,0,0,0,2,,,,,,,,36.8,78.6
Ryan Torain,WAS,RB,,,,,,,89,33,0,0,0,0,1,1,,,,,,,,34.3,138.7
Derrick Ward,HOU,RB,,,,,,,91,59,0,0,0,0,0,2,,,,,,,,27.4,68.8
Brandon Saine,GB,RB,,,,,,,95,,0,0,0,0,0,1,,,,,,,,23.8,
Mossis Madu,TB,RB,,,,,,,96,,0,0,0,0,0,1,,,,,,,,22.7,
Spencer Larsen,DEN,RB,,,,,,,100,102,0,0,0,0,0,2,,,,,,,,21,17.9
Jeremiah Johnson,DEN,RB,,,,,,,101,,0,0,0,0,0,1,,,,,,,,20.9,
Ovie Mughelli,ATL,RB,,,,,,,104,84,0,0,0,0,0,2,,,,,,,,18.6,35.2
Steve Slaton,HOU,RB,,,,,,,106,114,0,0,0,0,0,2,,,,,,,,17.7,13.4
Lorenzo Booker,MIN,RB,,,,,,,109,129,0,0,0,0,0,2,,,,,,,,17.4,6.2
Kevin Faulk,NE,RB,,,,,,,110,105,0,0,0,0,0,2,,,,,,,,16.1,16.7
Sammy Morris,DAL,RB,,,,,,,111,99,0,0,0,0,0,2,,,,,,,,16.1,18.3
Ahmard Hall,TEN,RB,,,,,,,115,90,0,0,0,0,0,2,,,,,,,,14,25.1
Josh Baker,NYJ,RB,,,,,,,121,,0,0,0,0,0,1,,,,,,,,11.7,
Rock Cartwright,OAK,RB,,,,,,,124,135,0,0,0,0,0,2,,,,,,,,10.9,4.2
John Clay,PIT,RB,,,,,,,125,,0,0,0,0,0,1,,,,,,,,10.1,
Owen Marecic,CLE,RB,,,,,,,127,,0,0,0,0,0,1,,,,,,,,8.9,
Owen Schmitt,PHI,RB,,,,,,,130,82,0,0,0,0,0,2,,,,,,,,6.8,38.6
Jerious Norwood,STL,RB,,,,,,,131,141,0,0,0,0,0,2,,,,,,,,6.1,2.7
Manase Tonga,OAK,RB,,,,,,,134,,0,0,0,0,0,1,,,,,,,,6,
Jerome Harrison,DET,RB,,,,,,,136,65,0,0,0,0,0,2,,,,,,,,5.4,57.5
Chris Pressley,CIN,RB,,,,,,,137,148,0,0,0,0,0,2,,,,,,,,4.9,1.6
Brock Bolen,JAC,RB,,,,,,,140,142,0,0,0,0,0,2,,,,,,,,4,2.5
Chauncey Washington,DAL,RB,,,,,,,142,,0,0,0,0,0,1,,,,,,,,3.2,
Eddie Williams,SEA,RB,,,,,,,144,,0,0,0,0,0,1,,,,,,,,2.9,
Mike Cox,ATL,RB,,,,,,,145,126,0,0,0,0,0,2,,,,,,,,2.8,6.7
Ryan D'Imperio,MIN,RB,,,,,,,146,,0,0,0,0,0,1,,,,,,,,2.7,
Thomas Clayton,CLE,RB,,,,,,,148,147,0,0,0,0,0,2,,,,,,,,2.5,1.7
Mike Sellers,WAS,RB,,,,,,,149,80,0,0,0,0,0,2,,,,,,,,2.5,42.6
Aaron Brown,DET,RB,,,,,,,152,98,0,0,0,0,0,2,,,,,,,,1.9,18.3
Ryan Mahaffey,IND,RB,,,,,,,154,,0,0,0,0,0,1,,,,,,,,1.5,
Brian Westbrook,SF,RB,,,,,,,,49,0,0,0,0,0,1,,,,,,,,,95
Correll Buckhalter,DEN,RB,,,,,,,,53,0,0,0,0,0,1,,,,,,,,,88.7
Ladell Betts,NO,RB,,,,,,,,63,0,0,0,0,0,1,,,,,,,,,62.1
Javarris James,IND,RB,,,,,,,,64,0,0,0,0,0,1,,,,,,,,,60.5
Clinton Portis,WAS,RB,,,,,,,,75,0,0,0,0,0,1,,,,,,,,,45.2
Kenneth Darby,STL,RB,,,,,,,,76,0,0,0,0,0,1,,,,,,,,,44.8
Julius Jones,SEA,RB,,,,,,,,78,0,0,0,0,0,1,,,,,,,,,43.2
Mike Hart,IND,RB,,,,,,,,85,0,0,0,0,0,1,,,,,,,,,33
Patrick Cobbs,MIA,RB,,,,,,,,88,0,0,0,0,0,1,,,,,,,,,29.1
Tyrell Sutton,CAR,RB,,,,,,,,89,0,0,0,0,0,1,,,,,,,,,26.1
Mike Bell,PHI,RB,,,,,,,,92,0,0,0,0,0,1,,,,,,,,,23.6
Fred Taylor,NE,RB,,,,,,,,101,0,0,0,0,0,1,,,,,,,,,18.1
Heath Evans,NO,RB,,,,,,,,103,0,0,0,0,0,1,,,,,,,,,17.3
Dominic Rhodes,IND,RB,,,,,,,,106,0,0,0,0,0,1,,,,,,,,,16.6
Laurence Maroney,DEN,RB,,,,,,,,107,0,0,0,0,0,1,,,,,,,,,16.4
Naufahu Tahi,MIN,RB,,,,,,,,109,0,0,0,0,0,1,,,,,,,,,16
Dimitri Nance,GB,RB,,,,,,,,110,0,0,0,0,0,1,,,,,,,,,15.5
Tim Castille,KC,RB,,,,,,,,111,0,0,0,0,0,1,,,,,,,,,14.6
James Davis,CLE,RB,,,,,,,,112,0,0,0,0,0,1,,,,,,,,,14.5
Jason Wright,ARI,RB,,,,,,,,116,0,0,0,0,0,1,,,,,,,,,13
Tony Richardson,NYJ,RB,,,,,,,,121,0,0,0,0,0,1,,,,,,,,,9.4
Mike Karney,STL,RB,,,,,,,,123,0,0,0,0,0,1,,,,,,,,,7.6
Gartrell Johnson,ATL,RB,,,,,,,,124,0,0,0,0,0,1,,,,,,,,,7.3
Eldra Buckley,PHI,RB,,,,,,,,125,0,0,0,0,0,1,,,,,,,,,6.7
Moran Norris,SF,RB,,,,,,,,130,0,0,0,0,0,1,,,,,,,,,6
Albert Young,MIN,RB,,,,,,,,131,0,0,0,0,0,1,,,,,,,,,6
Quinton Ganther,SEA,RB,,,,,,,,133,0,0,0,0,0,1,,,,,,,,,4.7
Michael Bennett,OAK,RB,,,,,,,,136,0,0,0,0,0,1,,,,,,,,,4
Madison Hedgecock,NYG,RB,,,,,,,,139,0,0,0,0,0,1,,,,,,,,,2.8
Kareem Huggins,TB,RB,,,,,,,,140,0,0,0,0,0,1,,,,,,,,,2.8
Korey Hall,GB,RB,,,,,,,,146,0,0,0,0,0,1,,,,,,,,,1.9
DeAndre Hopkins,HOU,WR,1,25,4,14,51,,,,1,2,2,1,1,1,,309.8,197.4,329.1,231,142.2,,,
Antonio Brown,PIT,WR,2,1,1,1,3,33,24,122,3,5,5,1,1,1,,308.3,307.3,378.2,374.1,308.2,173.1,195.9,32.7
Keenan Allen,LAC,WR,3,163,41,37,19,,,,0,1,1,1,0,3,,278.2,12.3,161.5,175.3,219.6,,,
Jarvis Landry,MIA,WR,4,13,10,31,,,,,0,1,2,1,1,0,,260,229.5,268,181.4,,,,
Larry Fitzgerald,ARI,WR,5,10,7,52,17,32,6,11,0,1,5,1,1,1,,258.6,244.9,280.5,151.4,236.2,174.8,269.1,239.7
Michael Thomas,NO,WR,6,7,,,,,,,0,0,2,0,0,0,,258.5,255.7,,,,,,
Julio Jones,ATL,WR,7,6,2,6,64,11,21,,0,1,5,1,0,1,,251.9,259.9,369.1,297.4,109.7,261.8,201.5,
Tyreek Hill,KC,WR,8,24,,,,,,,0,0,1,1,0,0,,241.2,199,,,,,,
Adam Thielen,MIN,WR,9,29,127,128,,,,,0,0,1,0,1,2,,239.8,195.2,35.3,27.7,,,,
A.J. Green,CIN,WR,10,33,8,24,4,3,17,,0,2,4,2,1,0,,221.8,186.4,273.7,205.3,306.6,299.8,218,
Marvin Jones,DET,WR,11,42,35,,29,109,,,0,0,1,0,2,2,,225.1,172.3,173.9,,188.7,48.8,,
Golden Tate,DET,WR,12,17,24,11,30,42,79,114,0,0,2,2,1,3,,222.5,221.1,209.4,259.1,186.9,155.8,92.6,44.1
Davante Adams,GB,WR,13,11,68,75,,,,,0,0,1,1,0,2,,222.5,244.7,104.3,100.6,,,,
Doug Baldwin,SEA,WR,14,8,9,44,40,78,41,,0,0,2,1,0,4,,221.3,249,268.9,167.3,158.4,83.6,153.6,
Brandin Cooks,NE,WR,15,9,13,57,,,,,0,0,1,2,0,1,,219.2,246.3,253.8,139.3,,,,
Demaryius Thomas,DEN,WR,16,16,11,2,1,6,62,96,1,2,4,2,0,2,,205.9,224.3,267.4,338.9,319,292.2,111.6,58.4
Mike Evans,TB,WR,17,3,23,13,,,,,0,1,1,3,0,0,,201.1,300.1,210.8,245.1,,,,
Robby Anderson,NYJ,WR,18,69,,,,,,,0,0,0,1,0,1,,177.5,114.9,,,,,,
Stefon Diggs,MIN,WR,19,30,45,,,,,,0,0,0,1,1,1,,183.5,193.3,149.3,,,,,
Devin Funchess,CAR,WR,20,88,64,,,,,,0,0,0,1,0,2,,195,84.1,106.3,,,,,
JuJu Smith-Schuster,PIT,WR,21,,,,,,,,0,0,0,1,0,0,,191.7,,,,,,,
Alshon Jeffery,PHI,WR,22,55,42,10,8,81,,,0,0,2,1,0,3,,189.9,146.1,158.7,261.6,281.6,78.7,,
Nelson Agholor,PHI,WR,23,87,102,,,,,,0,0,0,1,0,2,,187.5,85.9,55.3,,,,,
Dez Bryant,DAL,WR,24,39,81,4,7,4,19,50,0,2,3,2,0,3,,186.5,175.6,89.1,316,294,297.7,208.3,135.1
Cooper Kupp,LAR,WR,25,,,,,,,,0,0,0,0,1,0,,176.9,,,,,,,
Jermaine Kearse,NYJ,WR,26,80,47,76,92,,,,0,0,0,0,1,4,,176,98.1,147.5,99.2,78.6,,,
T.Y. Hilton,IND,WR,27,5,22,12,18,31,,,0,1,2,2,2,0,,175.6,271.8,211.4,258.5,221.9,181,,
Kenny Stills,MIA,WR,28,44,82,38,56,,,,0,0,0,0,1,4,,174.7,168.6,89,173.9,127.1,,,
Marquise Goodwin,SF,WR,29,84,179,169,101,,,,0,0,0,0,1,4,,168.6,90.1,4.4,6,62.6,,,
Mohamed Sanu,ATL,WR,30,53,79,41,67,99,,,0,0,0,0,1,5,,168.3,146.8,91.5,171.1,104.1,56.9,,
Michael Crabtree,OAK,WR,31,12,16,47,110,15,27,36,0,0,1,2,3,2,,167.8,237.3,231.2,162.2,53.4,249.5,184,165.1
Jamison Crowder,WAS,WR,33,31,53,,,,,,0,0,0,0,2,1,,160.3,191.5,129.6,,,,,
Ted Ginn Jr.,NO,WR,34,47,34,118,59,,114,120,0,0,0,0,2,5,,159.6,159,183.9,33.6,124.5,,47.8,35.4
Amari Cooper,OAK,WR,35,15,21,,,,,,0,0,0,2,1,0,,158.4,226.9,212.7,,,,,
Randall Cobb,GB,WR,36,51,26,8,65,16,95,,0,0,1,1,2,3,,157,148.3,202.9,291.4,106.1,234.6,63,
Rishard Matthews,TEN,WR,37,20,50,115,73,135,,,0,0,0,1,0,5,,156.2,211.5,133.6,37.8,97.8,26.1,,
Robert Woods,LAR,WR,38,66,57,46,60,,,,0,0,0,0,0,5,,163.3,118.9,118.2,162.9,118.3,,,
Mike Wallace,BAL,WR,39,23,74,20,27,23,9,9,0,0,2,3,1,2,,145.2,200.8,98.9,212.8,199.3,194.5,243,249.6
Paul Richardson,SEA,WR,40,106,176,99,,,,,0,0,0,0,0,4,,150.3,56.3,5,62.1,,,,
Sammy Watkins,LAR,WR,41,90,20,27,,,,,0,0,0,1,1,2,,146.3,83,218.8,198,,,,
Marqise Lee,JAX,WR,42,45,115,88,,,,,0,0,0,0,0,4,,145.9,167.6,43.9,86.1,,,,
Sterling Shepard,NYG,WR,43,36,,,,,,,0,0,0,0,1,1,,144.5,184.4,,,,,,
Danny Amendola,NE,WR,44,97,48,104,54,50,151,29,0,0,0,0,1,7,,138.9,69.5,146.9,53,129.4,144.4,9.5,178
DeSean Jackson,TB,WR,45,37,67,23,12,60,29,21,0,0,1,2,1,4,,138.6,180.5,104.8,209.6,269.4,126.3,180.2,203
Tyrell Williams,LAC,WR,46,18,156,,,,,,0,0,0,1,0,2,,137.8,216.9,17,,,,,
Jordy Nelson,GB,WR,47,2,,3,13,38,4,67,0,3,3,1,0,3,,137.2,304.7,,327.9,264.4,165.5,284.3,109.2
Kelvin Benjamin,CAR,WR,48,27,,16,,,,,0,0,0,1,1,1,,135.2,197.1,,225.8,,,,
Keelan Cole,JAX,WR,50,,,,,,,,0,0,0,0,0,1,,132.8,,,,,,,
Martavis Bryant,PIT,WR,51,,39,60,,,,,0,0,0,0,0,3,,130.5,,170.2,130.1,,,,
DeVante Parker,MIA,WR,52,50,78,,,,,,0,0,0,0,0,3,,130,154.4,93.4,,,,,
Adam Humphries,TB,WR,53,59,100,,,,,,0,0,0,0,0,3,,128.7,131,59,,,,,
Kendall Wright,CHI,WR,54,85,75,43,20,45,,,0,0,0,1,0,5,,126.4,90.1,96.5,167.9,213.9,149,,
Ryan Grant,WAS,WR,55,151,98,153,,98,39,134,0,0,0,0,0,7,,126.3,16.6,61.8,13.8,,27.6,117.7,4.5
Brandon LaFell,CIN,WR,56,34,80,22,50,54,60,74,0,0,0,1,1,6,,124.8,186,89.4,210.6,143.2,139.2,115.3,96.8
Travis Benjamin,LAC,WR,57,58,29,96,137,94,,,0,0,0,0,1,5,,124.3,132.4,191.8,68.5,18,64.4,,
Josh Doctson,WAS,WR,58,170,,,,,,,0,0,0,0,0,2,,119.8,8.6,,,,,,
Tyler Lockett,SEA,WR,59,64,44,,,,,,0,0,0,0,0,3,,118.3,124.1,153.4,,,,,
Eric Decker,TEN,WR,60,118,14,26,9,8,43,138,0,0,2,1,1,4,,116.3,40.4,252.7,200.2,279.8,269.4,151.3,20.6
Albert Wilson,KC,WR,61,92,76,113,,,,,0,0,0,0,0,4,,116,81.9,94.7,42,,,,
Emmanuel Sanders,DEN,WR,62,19,19,5,32,68,96,87,0,1,1,2,1,4,,114.5,212.6,224.4,299.8,178.7,109,62.8,75.6
Will Fuller,HOU,WR,63,65,,,,,,,0,0,0,0,0,2,,113.2,122.2,,,,,,
Terrance Williams,DAL,WR,64,62,43,54,48,,,,0,0,0,0,0,5,,111.3,125.4,154,147.1,144,,,
Chris Hogan,NE,WR,65,60,77,73,,,,,0,0,0,0,0,4,,109.6,128.9,93.4,103.6,,,,
Deonte Thompson,BUF,WR,66,105,167,,134,162,,,0,0,0,0,0,5,,105,56.9,10.1,,19.6,8.1,,
Jaron Brown,ARI,WR,68,128,131,102,,,,,0,0,0,0,0,4,,102.7,35.7,31.4,56.4,,,,
Jeremy Maclin,BAL,WR,69,71,15,9,,22,31,15,0,0,1,3,1,2,,102,109.5,242.9,278.9,,194.7,177,228
Allen Hurns,JAX,WR,70,78,18,50,,,,,0,0,0,1,0,3,,99.4,100.7,225,154.7,,,,
Trent Taylor,SF,WR,71,,,,,,,,0,0,0,0,0,1,,83.8,,,,,,,
Kenny Golladay,DET,WR,72,,,,,,,,0,0,0,0,0,1,,94.6,,,,,,,
J.J. Nelson,ARI,WR,73,57,106,,,,,,0,0,0,0,0,3,,93.1,139.1,52.9,,,,,
Chris Godwin,TB,WR,74,,,,,,,,0,0,0,0,0,1,,92.5,,,,,,,
Cole Beasley,DAL,WR,75,32,51,77,85,129,,,0,0,0,0,1,5,,91.4,189,131.6,99,87.8,27.8,,
Seth Roberts,OAK,WR,76,72,62,,,,,,0,0,0,0,0,3,,90.5,107.7,110,,,,,
Pierre Garcon,SF,WR,77,22,31,48,11,55,22,28,0,0,1,2,2,3,,90,201.1,185.7,161.2,277.5,133.6,199.5,182
Roger Lewis,NYG,WR,78,136,,,,,,,0,0,0,0,0,2,,89.6,28.7,,,,,,
Cordarrelle Patterson,OAK,WR,79,70,177,83,45,,,,0,0,0,0,0,5,,86,113.6,4.5,93.1,149.7,,,
Bennie Fowler,DEN,WR,80,123,125,,,,,,0,0,0,0,0,3,,82,,,,,,,
Taylor Gabriel,ATL,WR,81,56,108,72,,,,,0,0,0,0,0,4,,81.7,141.9,50.1,107.1,,,,
Torrey Smith,PHI,WR,82,100,54,28,22,28,30,,0,0,0,1,3,3,,80.1,64.7,123.3,191.7,201.8,183.4,180,
T.J. Jones,DET,WR,83,156,138,,,,,,0,0,0,0,0,3,,75.9,14.3,26.9,,,,,
Bruce Ellington,HOU,WR,84,,136,120,,,,,0,0,0,0,0,3,,75.7,,27,33,,,,
Odell Beckham Jr.,NYG,WR,85,4,5,7,,,,,0,2,3,0,0,1,,74,296.6,319.3,295,,,,
Brandon Coleman,NO,WR,86,95,83,,,,,,0,0,0,0,0,3,,73.8,72.1,87.4,,,,,
Donte Moncrief,IND,WR,87,75,36,80,,,,,0,0,0,0,1,3,,77.1,102.6,173.3,96.1,,,,
Zay Jones,BUF,WR,88,,,,,,,,0,0,0,0,0,1,,67.5,,,,,,,
John Brown,ARI,WR,89,74,25,53,,,,,0,0,0,0,1,3,,69.9,103.7,207.5,147.5,,,,
Corey Davis,TEN,WR,90,,,,,,,,0,0,0,0,0,1,,69.5,,,,,,,
Rashard Higgins,CLE,WR,91,159,,,,,,,0,0,0,0,0,2,,68.6,13.7,,,,,,
Josh Bellamy,CHI,WR,92,104,105,,,,,,0,0,0,0,0,3,,68.2,56.9,53.4,,,,,
Dede Westbrook,JAX,WR,93,,,,,,,,0,0,0,0,0,1,,66.9,,,,,,,
Corey Coleman,CLE,WR,94,83,,,,,,,0,0,0,0,0,2,,65.5,93.3,,,,,,
Dontrelle Inman,CHI,WR,95,46,72,127,,,,,0,0,0,0,0,4,,65.3,163,99.6,27.8,,,,
Brice Butler,DAL,WR,97,107,124,100,135,,,,0,0,0,0,0,5,,64.7,55.9,37.8,61,19.3,,,
Ricardo Louis,CLE,WR,98,120,,,,,,,0,0,0,0,0,2,,62.7,38.5,,,,,,
Justin Hardy,ATL,WR,99,99,122,,,,,,0,0,0,0,0,3,,60.1,65.3,40.4,,,,,
Tavarres King,NYG,WR,100,174,,177,,,,,0,0,0,0,0,3,,60.3,7,,3.3,,,,
Chris Moore,BAL,WR,101,161,,,,,,,0,0,0,0,0,2,,59.9,13.5,,,,,,
Cody Latimer,DEN,WR,102,153,155,173,,,,,0,0,0,0,0,4,,59.7,15.6,18,4.3,,,,
Chester Rogers,IND,WR,103,112,,,,,,,0,0,0,0,0,2,,58.2,46.3,,,,,,
Kenny Britt,CLE,WR,104,28,55,55,133,61,99,34,0,0,0,0,2,6,,57.6,196.2,122.1,142.2,20.6,125.9,61.9,171.5
Josh Gordon,CLE,WR,106,,,103,2,40,,,0,1,1,0,0,3,,57.5,,,54.3,314.4,158.5,,
Jordan Matthews,BUF,WR,107,48,17,25,,,,,0,0,0,1,1,2,,57.2,158.1,230.7,202.2,,,,
Aldrick Robinson,SF,WR,108,101,,185,99,102,,,0,0,0,0,0,5,,57,62.4,,1.6,66.1,54.1,,
Tyler Boyd,CIN,WR,109,63,,,,,,,0,0,0,0,0,2,,56.5,124.1,,,,,,
Terrelle Pryor,WAS,WR,110,21,175,,100,145,,,0,0,0,1,0,4,,50,209.8,5.1,,66,14.3,,
Jarius Wright,MIN,WR,111,144,87,63,86,88,,,0,0,0,0,0,6,,49.8,23.7,79.1,119.9,87.4,66.1,,
Taywan Taylor,TEN,WR,112,,,,,,,,0,0,0,0,0,1,,49.4,,,,,,,
Michael Campanaro,BAL,WR,113,173,159,132,,,,,0,0,0,0,0,4,,46.5,7.2,16.2,23.2,,,,
Geronimo Allison,GB,WR,114,114,,,,,,,0,0,0,0,0,2,,43.9,44.2,,,,,,
Jeremy Kerley,NYJ,WR,115,54,116,82,61,47,90,,0,0,0,0,0,7,,45.7,146.7,43.2,93.5,114.4,145.5,67.2,
Russell Shepard,CAR,WR,116,96,165,158,,,,,0,0,0,0,0,4,,45.1,70,11.8,10.3,,,,
Johnny Holton,OAK,WR,117,171,,,,,,,0,0,0,0,0,2,,44.8,7.7,,,,,,
Mack Hollins,PHI,WR,118,,,,,,,,0,0,0,0,0,1,,44.6,,,,,,,
Jakeem Grant,MIA,WR,119,,,,,,,,0,0,0,0,0,1,,44.5,,,,,,,
Tavon Austin,LAR,WR,120,52,28,85,58,,,,0,0,0,0,1,4,,43.7,146.8,192.7,90.3,124.9,,,
Andre Holmes,BUF,WR,121,113,101,56,96,173,,,0,0,0,0,0,6,,43,44.6,58.1,140.3,74.1,3.1,,
Demarcus Robinson,KC,WR,122,,,,,,,,0,0,0,0,0,1,,42.2,,,,,,,
Kendrick Bourne,SF,WR,123,,,,,,,,0,0,0,0,0,1,,41.7,,,,,,,
Braxton Miller,HOU,WR,124,133,,,,,,,0,0,0,0,0,2,,41.3,30.9,,,,,,
De'Anthony Thomas,KC,WR,125,113,81,74,,,,,0,0,0,0,0,4,,40.7,13.4,44.4,54.9,,,,
Eli Rogers,PIT,WR,126,61,,,,,,,0,0,0,0,0,2,,36.9,126,,,,,,
Alex Erickson,CIN,WR,127,162,,,,,,,0,0,0,0,0,2,,35.6,13.1,,,,,,
Laquon Treadwell,MIN,WR,128,188,,,,,,,0,0,0,0,0,2,,40,2.5,,,,,,
Damiere Byrd,CAR,WR,129,187,,,,,,,0,0,0,0,0,2,,33.7,2.6,,,,,,
Brandon Marshall,NYG,WR,130,49,3,34,6,2,11,20,0,2,4,1,1,2,,33.4,156.7,339.2,179.1,301.5,334.6,237.7,203.7
Curtis Samuel,CAR,WR,131,,,,,,,,0,0,0,0,0,1,,32.9,,,,,,,
Phillip Dorsett,NE,WR,132,79,112,,,,,,0,0,0,0,0,3,,32.1,98.8,46.2,,,,,
Chris Conley,KC,WR,133,81,117,,,,,,0,0,0,0,0,3,,28.5,97,42.9,,,,,
Kamar Aiken,IND,WR,134,98,27,95,,,,,0,0,0,0,1,3,,28.3,67.8,197.4,68.7,,,,
Josh Reynolds,LAR,WR,135,,,,,,,,0,0,0,0,0,1,,27.4,,,,,,,
Jordan Taylor,DEN,WR,136,111,,,,,,,0,0,0,0,0,2,,27.2,46.9,,,,,,
Tommylee Lewis,NO,WR,137,154,,,,,,,0,0,0,0,0,2,,27,15.6,,,,,,
Louis Murphy,SF,WR,138,,133,89,144,93,109,60,0,0,0,0,0,7,,23.1,,29.8,81,13.7,64.9,52,116.2
Tre McBride,CHI,WR,139,,170,,,,,,0,0,0,0,0,2,,22.4,,9.6,,,,,
Brenton Bersin,CAR,WR,141,180,153,117,,,,,0,0,0,0,0,4,,20.8,3.7,18.9,34.1,,,,
Mike Williams,LAC,WR,142,,,125,107,19,38,17,0,0,0,2,0,4,,20.5,,,28.2,55.6,216.6,156.4,221.5
Brandon Tate,BUF,WR,143,143,161,112,170,120,,77,0,0,0,0,0,7,,20.1,24.5,13.9,42.4,1.6,38.1,,89.4
Josh Malone,CIN,WR,144,,,,,,,,0,0,0,0,0,1,,18.5,,,,,,,
Chad Hansen,NYJ,WR,145,,,,,,,,0,0,0,0,0,1,,18.4,,,,,,,
Pharoh Cooper,LAR,WR,147,142,,,,,,,0,0,0,0,0,2,,18,24.6,,,,,,
Michael Floyd,MIN,WR,148,67,37,45,24,65,,,0,0,0,1,0,5,,17.8,115.8,172.9,165.1,201.4,111.2,,
Breshad Perriman,BAL,WR,149,77,,,,,,,0,0,0,0,0,2,,17.7,101.1,,,,,,
Kasen Williams,CLE,WR,150,,188,,,,,,0,0,0,0,0,2,,17.4,,2.3,,,,,
ArDarius Stewart,NYJ,WR,151,,,,,,,,0,0,0,0,0,1,,16.9,,,,,,,
Darrius Heyward-Bey,PIT,WR,155,117,96,172,98,56,28,88,0,0,0,0,1,7,,15.9,41.4,64.4,4.3,68.5,133.2,183.5,71.4
Willie Snead,NO,WR,156,35,32,,,,,,0,0,0,0,2,1,,15.2,185.5,185,,,,,
Kaelin Clay,CAR,WR,157,,,,,,,,0,0,0,0,0,1,,15.2,,,,,,,
Amara Darboh,SEA,WR,159,,,,,,,,0,0,0,0,0,1,,15.1,,,,,,,
Freddie Martino,TB,WR,160,137,,,,,,,0,0,0,0,0,2,,14.6,28.2,,,,,,
Tanner McEvoy,SEA,WR,162,129,,,,,,,0,0,0,0,0,2,,14.3,35,,,,,,
Leonte Carroo,MIA,WR,164,164,,,,,,,0,0,0,0,0,2,,13.9,11.9,,,,,,
Brian Quick,WAS,WR,165,68,151,91,104,119,,,0,0,0,0,0,6,,13.6,115.4,20.2,80.5,60.2,38.6,,
Trevor Davis,GB,WR,166,168,,,,,,,0,0,0,0,0,2,,13.3,9.4,,,,,,
Sammie Coates,CLE,WR,167,93,189,,,,,,0,0,0,0,0,3,,13,77.9,2.1,,,,,
Carlos Henderson,DEN,WR,168,,,,,,,,0,0,0,0,0,1,,12.9,,,,,,,
Jaelen Strong,JAX,WR,169,139,111,,,,,,0,0,0,0,0,3,,12.8,27.1,48.1,,,,,
Justin Hunter,PIT,WR,170,108,103,81,93,,,,0,0,0,0,0,5,,12.3,52.9,54.4,95.8,77.4,,,
Brittan Golden,ARI,WR,171,148,193,,,,,,0,0,0,0,0,3,,12,20.2,1.5,,,,,
Bryce Treggs,CLE,WR,172,165,,,,,,,0,0,0,0,0,2,,11.5,11.7,,,,,,
Ryan Switzer,DAL,WR,174,,,,,,,,0,0,0,0,0,1,,8.6,,,,,,,
Markus Wheaton,CHI,WR,175,155,46,59,147,,,,0,0,0,0,0,5,,8.1,15.1,148.9,131.3,12.4,,,
Jared Abbrederis,DET,WR,177,190,152,,,,,,0,0,0,0,0,3,,7.4,1.8,20.1,,,,,
Noah Brown,DAL,WR,178,,,,,,,,0,0,0,0,0,1,,7.3,,,,,,,
Quan Bray,IND,WR,179,172,,,,,,,0,0,0,0,0,2,,6.9,7.3,,,,,,
Tanner Gentry,CHI,WR,180,,,,,,,,0,0,0,0,0,1,,6.5,,,,,,,
Griff Whalen,BAL,WR,181,179,120,180,106,,,,0,0,0,0,0,5,,6.3,4.2,41.5,2.3,57.1,,,
Vince Mayle,BAL,WR,182,,,,,,,,0,0,0,0,0,1,,6.2,,,,,,,
Nick Williams,ATL,WR,183,167,114,,,,,,0,0,0,0,0,3,,6,10.9,44.9,,,,,
Marcus Johnson,PHI,WR,184,,,,,,,,0,0,0,0,0,1,,5.9,,,,,,,
Bernard Reedy,TB,WR,185,,,,,,,,0,0,0,0,0,1,,5.8,,,,,,,
Chris Matthews,BAL,WR,186,,128,,,,,,0,0,0,0,0,2,,5.5,,34.1,,,,,
Jehu Chesson,KC,WR,189,,,,,,,,0,0,0,0,0,1,,3.8,,,,,,,
Jordan Leslie,CLE,WR,190,,,,,,,,0,0,0,0,0,1,,3.6,,,,,,,
DeAndrew White,HOU,WR,191,,182,,,,,,0,0,0,0,0,2,,3.4,,3.8,,,,,
Darius Powe,NYG,WR,192,,,,,,,,0,0,0,0,0,1,,3.3,,,,,,,
Isaiah McKenzie,DEN,WR,193,,,,,,,,0,0,0,0,0,1,,3.3,,,,,,,
Jeff Janis,GB,WR,194,126,168,176,,,,,0,0,0,0,0,4,,3.2,36.1,9.9,3.6,,,,
Shelton Gibson,PHI,WR,195,,,,,,,,0,0,0,0,0,1,,3.1,,,,,,,
Allen Robinson,JAX,WR,196,26,6,67,,,,,0,0,1,0,1,2,,2.7,197.3,304,114.8,,,,
Kevin White,CHI,WR,197,119,,,,,,,0,0,0,0,0,2,,2.6,38.6,,,,,,
Arrelious Benn,JAX,WR,198,146,,,,159,81,83,0,0,0,0,0,5,,2.2,22.6,,,,8.2,91.4,80
Cobi Hamilton,PIT,WR,199,109,,,,,,,0,0,0,0,0,2,,1.8,52.4,,,,,,
Harry Douglas,TEN,WR,200,127,84,64,25,77,74,100,0,0,0,0,1,7,,1.8,36,86.5,118.6,199.7,84,95.1,56.9
Eric Weems,TEN,WR,201,,187,122,169,168,135,152,0,0,0,0,0,7,,1.5,,2.5,32.2,1.8,4.7,20,12.1
Max McCaffrey,JAX,WR,203,,,,,,,,0,0,0,0,0,1,,1.4,,,,,,,
Charone Peake,NYJ,WR,204,122,,,,,,,0,0,0,0,0,2,,1.3,37.6,,,,,,
Matt Hazel,IND,WR,205,,,,,,,,0,0,0,0,0,1,,1.1,,,,,,,
Andre Roberts,ATL,WR,206,125,142,84,69,34,54,92,0,0,0,0,1,7,,0.2,36.8,24.5,91.4,102.1,172.8,124.3,64.7
Kalif Raymond,NYJ,WR,207,,,,,,,,0,0,0,0,0,1,,0.1,,,,,,,
Cody Core,CIN,WR,209,124,,,,,,,0,0,0,0,0,2,,0,37,,,,,,
Stacy Coley,MIN,WR,214,,,,,,,,0,0,0,0,0,1,,0,,,,,,,
John Ross,CIN,WR,215,,,,,,,,0,0,0,0,0,1,,-0.8,,,,,,,
Steve Smith Sr.,BAL,WR,,38,52,19,38,20,7,58,0,0,1,2,0,4,,,179.9,131,219.5,162.5,215.1,262,118.9
Andre Johnson,TEN,WR,,135,58,29,10,5,75,7,0,1,3,0,1,3,,,29.5,115.3,190.6,279.7,295.8,95,256.6
Anquan Boldin,BUF,WR,,41,40,18,15,30,34,24,0,0,0,3,2,2,,,173.4,169.9,219.6,246,181.4,163.7,187.9
Jerricho Cotchery,CAR,WR,,,63,69,36,121,108,75,0,0,0,0,1,5,,,,107.1,112,166.2,37.5,52,96
Wes Welker,LAR,WR,,,144,71,21,7,2,18,0,1,2,2,0,2,,,,23.2,107.4,208.8,289.4,336.3,212.8
Roddy White,ATL,WR,,,73,21,44,9,5,1,1,2,3,1,0,2,,,,99.6,212.1,150.1,269.1,277.6,312.2
Joshua Cribbs,IND,WR,,,,,,,,,0,0,0,0,0,0,,,,,,,,,
Nate Washington,NE,WR,,,49,65,35,52,15,44,0,0,0,1,1,4,,,,136.8,116.7,167.9,141.9,224.8,145.9
Lance Moore,ATL,WR,,,85,109,78,21,35,23,0,0,0,2,1,3,,,,84.7,45.8,92.7,205.1,162.7,188.3
Devin Hester,SEA,WR,,,,70,,103,89,62,0,0,0,0,0,4,,,,,108,,53.8,68.3,114.5
Derek Hagan,TEN,WR,,,,105,,112,101,105,0,0,0,0,0,4,,,,,50.4,,45.9,55.2,52.3
Jason Avant,KC,WR,,,137,92,80,62,55,63,0,0,0,0,0,6,,,,26.9,75.4,90.7,117.8,121.9,114.3
Marques Colston,NO,WR,,,56,36,26,14,10,14,0,0,1,2,2,1,,,,121,177.2,199.3,254.4,240.3,228.3
Miles Austin,PHI,WR,,,121,66,112,24,49,13,0,0,0,2,0,4,,,,41.4,115.8,48.4,194.3,143.2,228.4
Calvin Johnson,DET,WR,,,12,15,5,1,1,6,2,3,5,1,0,0,,,,261.4,226.7,302.9,342.4,359.2,264.2
Dwayne Bowe,CLE,WR,,,166,58,43,43,14,4,0,1,1,1,0,4,,,,10.3,135.4,154.2,154.7,228.1,278.6
Jacoby Jones,PIT,WR,,,,137,77,83,72,55,0,0,0,0,0,5,,,,,19.7,94.5,77.2,95.9,125.9
James Jones,LAC,WR,,,30,40,42,17,48,43,0,0,0,1,1,4,,,,187,173.6,156.7,226.4,143.5,145.9
Eddie Royal,CHI,WR,,91,94,32,41,101,117,47,0,0,0,0,1,6,,,81.9,66.7,181.2,158.2,54.6,45.3,141.8
Jerome Simpson,SF,WR,,,158,,57,105,45,94,0,0,0,0,0,5,,,,16.4,,126.6,51.4,146.5,61.9
Andre Jerome Caldwell,DET,WR,,,,,,,,,0,0,0,0,0,0,,,,,,,,,
Matthew Slater,NE,WR,,,,,,,,,0,0,0,0,0,0,,,,,,,,,
Stevie Johnson,LAC,WR,,,,,,,,,0,0,0,0,0,0,,,,,,,,,
Brandon Gibson,NE,WR,,,,97,90,44,83,52,0,0,0,0,0,5,,,,,64.5,80.6,150.1,86.7,129.8
Brian Hartline,CLE,WR,,,61,78,23,27,70,64,0,0,0,1,1,4,,,,110.3,98.4,201.6,186.3,96.8,111.2
Percy Harvin,BUF,WR,,181,109,61,163,39,8,22,0,0,1,1,0,5,,,3.7,49.9,129.5,2.7,161.3,261.9,202.8
Hakeem Nicks,NO,WR,,,163,74,46,53,12,8,0,0,2,0,0,4,,,,12.4,102.5,145.6,140.2,237.2,250.2
Jordan Norwood,DEN,WR,,115,119,,,133,100,,0,0,0,0,0,4,,,44.2,42.7,,,26.8,55.8,
Kevin Ogletree,NYG,WR,,,,159,120,71,124,162,0,0,0,0,0,5,,,,,10,33.9,100.5,29.7,6.4
Julian Edelman,NE,WR,,14,38,17,14,92,159,146,0,0,0,3,0,4,,,228.3,172.5,222.6,247.7,65,6.2,17
Marcus Easley,BUF,WR,,,162,,161,,,,0,0,0,0,0,2,,,,12.8,,3.3,,,
Riley Cooper,PHI,WR,,,95,62,31,90,104,130,0,0,0,0,1,5,,,,65.7,128.7,180.1,65.8,53.5,24.6
Marc Mariani,TEN,WR,,193,110,,,,154,,0,0,0,0,0,3,,,1.5,49.7,,,,7.8,
Kyle Williams,NYJ,WR,,,,,125,115,94,175,0,0,0,0,0,4,,,,,,25.6,43.3,63.9,1.8
Seyi Ajirotutu,PHI,WR,,,194,,,,,,0,0,0,0,0,1,,,,1.4,8.5,15.4,7.5,1.4,51.2
Victor Cruz,CHI,WR,,76,,98,28,13,3,,0,1,1,1,1,2,,,101.6,,62.7,194.8,255.2,287.9,
Marlon Moore,CLE,WR,,,150,,165,137,,126,0,0,0,0,0,4,,,,21.1,,2.5,24.5,,26.4
Bryan Walters,JAX,WR,,103,91,156,,,166,,0,0,0,0,0,4,,,57.5,74.8,11.5,,,5.7,
Danario Alexander,LAC,WR,,,,,,48,85,101,0,0,0,0,0,3,,,,,,,144.8,81.1,56.6
Andrew Hawkins,CLE,WR,,89,107,49,121,57,111,,0,0,0,0,0,6,,,83.4,52.6,159,32.2,131.3,51.8,
Leonard Hankerson,BUF,WR,,,88,,87,66,126,,0,0,0,0,0,4,,,,76.7,,85.5,110.8,29.3,
Greg Little,BUF,WR,,,,155,72,51,47,,0,0,0,0,0,4,,,,,12.9,99.5,143.2,145.4,
Vincent Brown,NO,WR,,,183,130,76,,93,,0,0,0,0,0,4,,,,3.2,23.8,95.2,,63.9,
Dwayne Harris,NYG,WR,,176,71,148,124,113,,,0,0,0,0,0,5,,,6.3,100.8,15.3,27.6,45.2,,
Greg Salas,BUF,WR,,149,173,121,129,,107,,0,0,0,0,0,5,,,18.9,7.1,32.7,22.3,,52.2,
Denarius Moore,BUF,WR,,,,134,47,37,51,,0,0,0,0,0,4,,,,,21.6,145.5,166.6,136.9,
Ricardo Lockette,SEA,WR,,,157,111,146,,138,,0,0,0,0,0,4,,,,16.7,42.7,13,,18.5,
Joe Morgan,BAL,WR,,,,136,,89,,,0,0,0,0,0,2,,,,,19.9,,66,,
Jeremy Ross,ARI,WR,,160,164,101,,,,,0,0,0,0,0,3,,,13.7,12,57.3,,,,
Justin Blackmon,JAX,WR,,,,,94,29,,,0,0,0,0,1,1,,,,,,76.4,182.8,,
Stephen Hill,CAR,WR,,,,,102,95,,,0,0,0,0,0,2,,,,,,62.2,64.2,,
Rueben Randle,CHI,WR,,,33,30,52,87,,,0,0,0,0,2,2,,,,184.7,182.8,136.1,66.8,,
Keshawn Martin,DET,WR,,,99,154,105,127,,,0,0,0,0,0,4,,,,61.5,13.8,57.3,29.8,,
Trevor Graham,CAR,WR,,,,,,,,,0,0,0,0,0,0,,,,,,,,,
Nick Toon,LAR,WR,,,,110,150,,,,0,0,0,0,0,2,,,,,42.9,10.8,,,
DeVier Posey,DEN,WR,,,,174,123,143,,,0,0,0,0,0,3,,,,,4,30.5,14.4,,
LaVon Brazill,IND,WR,,,,,118,125,,,0,0,0,0,0,2,,,,,,40.1,33.6,,
Chris Givens,PHI,WR,,,97,119,83,58,,,0,0,0,0,0,4,,,,63.1,33.3,89.7,131,,
Kashif Moore,KC,WR,,,,,,,,,0,0,0,0,0,0,,,,,,,,,
Nathan Palmer,OAK,WR,,,,,,,,,0,0,0,0,0,0,,,,,,,,,
Chris Owusu,NYJ,WR,,,160,126,158,,,,0,0,0,0,0,3,,,,14,28.1,5.8,,,
Brian Tyms,IND,WR,,,,,,,,,0,0,0,0,0,0,,,,,19.2,,,,
Jeff Fuller,SEA,WR,,,,,,,,,0,0,0,0,0,0,,,,,,,,,
Jarrett Boykin,BUF,WR,,,,170,53,,,,0,0,0,0,0,2,,,,,5.3,135.1,,,
Rod Streater,BUF,WR,,110,191,131,33,64,,,0,0,0,0,1,4,,,49.1,1.8,23.4,172.5,113.4,,
LaRon Byrd,CAR,WR,,,,,,,,,0,0,0,0,0,0,,,,,,,,,
Damaris Johnson,TEN,WR,,,,93,171,117,,,0,0,0,0,0,3,,,,,72,1.4,41.8,,
Stedman Bailey,LAR,WR,,,126,90,111,,,,0,0,0,0,0,3,,,,36.2,80.8,48.9,,,
Aaron Dobson,ARI,WR,,,135,168,62,,,,0,0,0,0,0,3,,,,27.1,6.8,112.9,,,
Charles Johnson,MIN,WR,,116,149,86,,,,,0,0,0,0,0,3,,,43.2,21.7,89.4,,,,
B.J. Daniels,ATL,WR,,,,,,,,,0,0,0,0,0,0,,,,,,,,,
Josh Boyce,CLE,WR,,,,,131,,,,0,0,0,0,0,1,,,,,,21.1,,,
Chris Harper,NYJ,WR,,140,192,,,,,,0,0,0,0,0,2,,,26.3,1.6,,,,,
Corey Fuller,NO,WR,,,169,114,,,,,0,0,0,0,0,2,,,,9.6,38.2,,,,
Marquess Wilson,NYJ,WR,,132,86,116,162,,,,0,0,0,0,0,4,,,31,80.4,37,3.3,,,
Quinton Patton,NYJ,WR,,94,90,167,152,,,,0,0,0,0,0,4,,,77.8,75.9,7.4,9,,,
Da'Rick Rogers,KC,WR,,,,,116,,,,0,0,0,0,0,1,,,,,,45.2,,,
Ryan Spadola,DET,WR,,,,,,,,,0,0,0,0,0,0,,,,,,,,,
Rodney Smith,SEA,WR,,,,,,,,,0,0,0,0,0,0,,,,,,,,,
Kenbrell Thompkins,NYJ,WR,,,129,108,68,,,,0,0,0,0,0,3,,,,33.5,47.7,102.6,,,
Myles White,NYJ,WR,,,148,,145,,,,0,0,0,0,0,2,,,,21.8,,13.7,,,
Marlon Brown,DEN,WR,,,141,106,49,,,,0,0,0,0,0,3,,,,25.2,49.5,143.2,,,
Shaq Evans,DAL,WR,,,,,,,,,0,0,0,0,0,0,,,,,,,,,
Jeremy Gallon,NE,WR,,,,,,,,,0,0,0,0,0,0,,,,,,,,,
Kevin Norwood,NYG,WR,,,,139,,,,,0,0,0,0,0,1,,,,,19.2,,,,
Jalen Saunders,NE,WR,,,,,,,,,0,0,0,0,0,0,,,,,,,,,
Devin Street,HOU,WR,,186,146,175,,,,,0,0,0,0,0,3,,,3,22.4,3.8,,,,
Corey Washington,DAL,WR,,,,147,,,,,0,0,0,0,0,1,,,,,16.2,,,,
Robert Herron,OAK,WR,,,,143,,,,,0,0,0,0,0,1,,,,,17.8,,,,
Corey Brown,BUF,WR,,102,69,94,,,,,0,0,0,0,0,3,,,59.2,103.5,70.1,,,,
Frankie Hammond,NYJ,WR,,,,165,,,,,0,0,0,0,0,1,,,,,,,,,
James Wright,CLE,WR,,145,,146,,,,,0,0,0,0,0,2,,,23,,17.1,,,,
Isaiah Burse,LAC,WR,,,,,,,,,0,0,0,0,0,0,,,,,,,,,
Jeremy Butler,BUF,WR,,184,93,,,,,,0,0,0,0,0,2,,,3.1,67.3,,,,,
Damian Copeland,DET,WR,,,,,,,,,0,0,0,0,0,0,,,,,,,,,
Jonathan Krause,TEN,WR,,,184,,,,,,0,0,0,0,0,1,,,,3.1,,,,,
Walter Powell,BUF,WR,,138,,,,,,,0,0,0,0,0,1,,,28.2,,,,,,
Rashad Ross,BUF,WR,,191,130,,,,,,0,0,0,0,0,2,,,1.8,32.4,,,,,
Kevin Smith,SEA,WR,,,172,,,77,40,83,0,0,0,0,0,4,,,,7.3,,,43.3,115.5,35.8
Andre Debose,IND,WR,,,,,,,,,0,0,0,0,0,0,,,,,,,,,
DiAndre Campbell,SF,WR,,,,,,,,,0,0,0,0,0,0,,,,,,,,,
Issac Blakeney,PIT,WR,,,,,,,,,0,0,0,0,0,0,,,,,,,,,
Geremy Davis,LAC,WR,,,181,,,,,,0,0,0,0,0,1,,,,4.1,,,,,
Da'Ron Brown,LAC,WR,,,,,,,,,0,0,0,0,0,0,,,,,,,,,
Kenny Bell,BAL,WR,,,,,,,,,0,0,0,0,0,0,,,,,,,,,
Dres Anderson,HOU,WR,,,,,,,,,0,0,0,0,0,0,,,,,,,,,
Keith Mumphery,HOU,WR,,150,139,,,,,,0,0,0,0,0,2,,,16.9,26.9,,,,,
Dezmin Lewis,BUF,WR,,,,,,,,,0,0,0,0,0,0,,,,,,,,,
Devin Smith,NYJ,WR,,185,143,,,,,,0,0,0,0,0,2,,,3,24.5,,,,,
Rashad Greene Sr.,JAX,WR,,177,123,,,,,,0,0,0,0,0,2,,,,,,,,,
Dorial Green-Beckham,PHI,WR,,86,60,,,,,,0,0,0,0,0,2,,,87.2,110.9,,,,,
Mario Alford,CLE,WR,,,186,,,,,,0,0,0,0,0,1,,,,2.5,,,,,
DeAndre Smelter,SF,WR,,183,,,,,,,0,0,0,0,0,1,,,3.3,,,,,,
Duron Carter,IND,WR,,,,,,,,,0,0,0,0,0,0,,,,,,,,,
Antwan Goodley,GB,WR,,,,,,,,,0,0,0,0,0,0,,,,,,,,,
Seantavius Jones,KC,WR,,,,,,,,,0,0,0,0,0,0,,,,,,,,,
Cameron Meredith,CHI,WR,,40,145,,,,,,0,0,0,0,0,2,,,175.4,23,,,,,
Lucky Whitehead,NYJ,WR,,157,154,,,,,,0,0,0,0,0,2,,,14,18.3,,,,,
Quincy Enunwa,NYJ,WR,,43,104,,,,,,0,0,0,0,0,2,,,168.9,53.5,,,,,
Bradley Marquez,LAR,WR,,175,147,,,,,,0,0,0,0,0,2,,,6.9,21.8,,,,,
Javontee Herndon,DAL,WR,,,118,,,,,,0,0,0,0,0,1,,,,42.8,,,,,
Eric Rogers,SF,WR,,,,,,,,,0,0,0,0,0,0,,,,,,,,,
Malcolm Mitchell,NE,WR,,82,,,,,,,0,0,0,0,0,1,,,96.1,,,,,,
Tajae Sharpe,TEN,WR,,73,,,,,,,0,0,0,0,0,1,,,105.3,,,,,,
Jordan Payton,CLE,WR,,194,,,,,,,0,0,0,0,0,1,,,1.3,,,,,,
Moritz Bohringer,MIN,WR,,,,,,,,,0,0,0,0,0,0,,,,,,,,,
Keenan Reynolds,BAL,WR,,,,,,,,,0,0,0,0,0,0,,,,,,,,,
Kolby Listenbee,BUF,WR,,,,,,,,,0,0,0,0,0,0,,,,,,,,,
Aaron Burbridge,SF,WR,,158,,,,,,,0,0,0,0,0,1,,,13.8,,,,,,
Devin Lucien,NE,WR,,,,,,,,,0,0,0,0,0,0,,,,,,,,,
Demarcus Ayers,PIT,WR,,152,,,,,,,0,0,0,0,0,1,,,16.1,,,,,,
Daniel Braverman,CHI,WR,,,,,,,,,0,0,0,0,0,0,,,,,,,,,
Devin Lewis Fuller,ATL,WR,,,,,,,,,0,0,0,0,0,0,,,,,,,,,
Kenny Lawler,SEA,WR,,,,,,,,,0,0,0,0,0,0,,,,,,,,,
Reggie Bell,NO,WR,,,,,,,,,0,0,0,0,0,0,,,,,,,,,
Jake Kumerow,CIN,WR,,,,,,,,,0,0,0,0,0,0,,,,,,,,,
Marquez North,LAR,WR,,,,,,,,,0,0,0,0,0,0,,,,,,,,,
Andy Jones,HOU,WR,,,,,,,,,0,0,0,0,0,0,,,,,,,,,
Xavier Rush,NO,WR,,,,,,,,,0,0,0,0,0,0,,,,,,,,,
Dom Williams,PHI,WR,,,,,,,,,0,0,0,0,0,0,,,,,,,,,
R.J. Harris,NO,WR,,,,,,,,,0,0,0,0,0,0,,,,,,,,,
Paul McRoberts,LAR,WR,,192,,,,,,,0,0,0,0,0,1,,,1.6,,,,,,
Wendall Williams,HOU,WR,,166,,,,,,,0,0,0,0,0,1,,,11.5,,,,,,
Anthony Dable,ATL,WR,,,,,,,,,0,0,0,0,0,0,,,,,,,,,
Darius Jennings,TEN,WR,,,140,,,,,,0,0,0,0,0,1,,,,25.7,,,,,
Devon Cajuste,SF,WR,,,,,,,,,0,0,0,0,0,0,,,,,,,,,
Keyarris Garrett,CAR,WR,,,,,,,,,0,0,0,0,0,0,,,,,,,,,
Jalin Marshall,NYJ,WR,,121,,,,,,,0,0,0,0,0,1,,,38.2,,,,,,
Nelson Spruce,LAR,WR,,,,,,,,,0,0,0,0,0,0,,,,,,,,,
Paul Turner,PHI,WR,,147,,,,,,,0,0,0,0,0,1,,,21.6,,,,,,
Malachi Dupre,GB,WR,,,,,,,,,0,0,0,0,0,0,,,,,,,,,
Rodney Adams,MIN,WR,,,,,,,,,0,0,0,0,0,0,,,,,,,,,
David Moore,SEA,WR,,,,,,,,,0,0,0,0,0,0,,,,,,,,,
Robert Davis,WAS,WR,,,,,,,,,0,0,0,0,0,0,,,,,,,,,
DeAngelo Yancey,GB,WR,,,,,,,,,0,0,0,0,0,0,,,,,,,,,
Jace Billingsley,DET,WR,,,,,,,,,0,0,0,0,0,0,,,,,,,,,
Ishmael Zamora,OAK,WR,,,,,,,,,0,0,0,0,0,0,,,,,,,,,
Austin Carr,NO,WR,,,,,,,,,0,0,0,0,0,0,,,,,,,,,
Rannell Hall,CLE,WR,,,,,,,,,0,0,0,0,0,0,,,,,,,,,
Maurice Lynell Harris,WAS,WR,,,,,,,,,0,0,0,0,0,0,,,,,,,,,
Damore'ea Stringfellow,NYJ,WR,,,,,,,,,0,0,0,0,0,0,,,,,,,,,
Victor Bolden Jr.,SF,WR,,,,,,,,,0,0,0,0,0,0,,,,,,,,,
Vincent Jackson,TB,WR,,131,65,33,16,12,13,97,0,0,1,2,1,3,,,32.3,105.3,180.2,242.4,258.4,229.7,58.2
Greg Jennings,MIA,WR,,,113,42,34,75,18,5,0,1,1,1,1,3,,,,45.8,169.2,172.4,96.6,215.9,274.4
Preston Parker,FA,WR,,,171,87,,,65,158,0,0,0,0,0,4,,,,9.3,87.8,,,107.1,8.9
Cecil Shorts III,TB,WR,,141,66,68,39,25,149,,0,0,0,0,1,5,,,,,,,,,
Josh Huff,TB,WR,,130,89,150,,,,,0,0,0,0,0,3,,,34.8,76.2,14.5,,,,
Evan Spencer,TB,WR,,,,,,,,,0,0,0,0,0,0,,,,,,,,,
Tyler Murphy,MIA,WR,,,185,,,,,,0,0,0,0,0,1,,,,2.6,,,,,
Donteea Dye,TB,WR,,,132,,,,,,0,0,0,0,0,1,,,,30.2,,,,,
Mitch Mathews,MIA,WR,,,,,,,,,0,0,0,0,0,0,,,,,,,,,
Isaiah Ford,MIA,WR,,,,,,,,,0,0,0,0,0,0,,,,,,,,,
Rashawn Scott,MIA,WR,,,,,,,,,0,0,0,0,0,0,,,,,,,,,
Krishawn Hogan,IND,WR,,,,,,,,,0,0,0,0,0,0,,,,,,,,,
Maurice Harris,WAS,WR,,169,,,,,,,0,0,0,0,0,1,,,8.8,,,,,,
Mike Thomas,LAR,WR,,178,,,,118,80,30,0,0,0,0,1,3,,,4.7,,,,40.5,92.6,177.4
Shane Wynn,JAC,WR,,182,,,,,,,0,0,0,0,0,1,,,3.4,,,,,,
Tony Washington,JAC,WR,,189,,,,,,,0,0,0,0,0,1,,,1.9,,,,,,
Steve Johnson,SD,WR,,,59,79,55,18,16,10,0,0,1,2,0,3,,,,112.7,96.5,128.7,217.6,218.4,247.3
Malcom Floyd,SD,WR,,,70,39,132,35,36,45,0,0,0,0,2,4,,,,102.1,173.6,20.9,167.4,158.6,144.7
Andre Caldwell,DEN,WR,,,134,161,108,172,82,98,0,0,0,0,0,6,,,,29.5,9.7,54.7,4.2,86.7,57.3
TJ Graham,NO,WR,,,174,144,97,84,,,0,0,0,0,0,4,,,,,,,,,
Andrew Turzilli,TEN,WR,,,178,,,,,,0,0,0,0,0,1,,,,4.5,,,,,
Chandler Worthy,HOU,WR,,,180,,,,,,0,0,0,0,0,1,,,,4.4,,,,,
Ben Edwards,NYG,WR,,,190,,,,,,0,0,0,0,0,1,,,,1.9,,,,,
Reggie Wayne,IND,WR,,,,51,71,10,25,3,0,1,2,0,1,2,,,,,151.9,101.8,269,195,280.5
Brandon Lloyd,SF,WR,,,,107,,26,23,2,0,1,1,1,1,1,,,,,49.4,,189.1,196.6,286
Donnie Avery,KC,WR,,,,123,63,41,145,,0,0,0,0,0,4,,,,,30.6,110.2,157,13.5,
Austin Pettis,STL,WR,,,,124,70,80,110,,0,0,0,0,0,4,,,,,29.8,101.9,80.1,52,
Josh Morgan,CHI,WR,,,,129,117,63,118,56,0,0,0,0,0,5,,,,,26,43.7,113.5,43,125.5
Junior Hemingway,KC,WR,,,,133,119,,,,0,0,0,0,0,2,,,,,22.8,35.5,,,
Santana Moss,WAS,WR,,,,135,74,46,53,12,0,0,1,0,0,4,,,,,21.6,97.7,145.7,128.4,235.9
Justin Brown,PIT,WR,,,,138,,,,,0,0,0,0,0,1,,,,,19.4,,,,
Robert Meachem,NO,WR,,,,141,103,111,50,48,0,0,0,0,0,5,,,,,18.4,60.3,46.1,139.8,139.2
AJ Jenkins,KC,WR,,,,142,130,,,,0,0,0,0,0,2,,,,,18.1,21.6,,,
Dane Sanzenbacher,CIN,WR,,,,145,149,177,88,,0,0,0,0,0,4,,,,,17.4,12.1,1.7,72.2,
Santonio Holmes,CHI,WR,,,,149,95,106,33,39,0,0,0,0,1,4,,,,,14.7,74.6,51.2,165.1,160.3
David Nelson,NYJ,WR,,,,151,82,167,37,82,0,0,0,0,0,5,,,,,14.5,90.3,5.1,156.8,84.3
Mike Brown,JAC,WR,,,,152,88,,,,0,0,0,0,0,2,,,,,13.8,84.2,,,
Kris Durham,TEN,WR,,,,157,75,134,161,,0,0,0,0,0,4,,,,,11.4,97,26.5,6,
Jerrel Jernigan,NYG,WR,,,,160,89,166,,,0,0,0,0,0,3,,,,,9.8,83.6,5.8,,
Jeff Maehl,PHI,WR,,,,162,139,,,,0,0,0,0,0,2,,,,,9.6,16.7,,,
Ace Sanders,JAC,WR,,,,163,66,,,,0,0,0,0,0,2,,,,,9.5,105.8,,,
Ryan Broyles,DET,WR,,,,171,140,91,,,0,0,0,0,0,3,,,,,4.5,16.5,65,,
Damian Williams,MIA,WR,,,,179,122,96,52,117,0,0,0,0,0,5,,,,,2.4,30.8,62.4,134.2,38.4
Courtney Roby,ATL,WR,,,,181,,176,,,0,0,0,0,0,2,,,,,2.1,,1.9,,
Solomon Patton,TB,WR,,,,182,,,,,0,0,0,0,0,1,,,,,1.9,,,,
Josh Cribbs,IND,WR,,,,183,154,152,59,91,0,0,0,0,0,5,,,,,1.8,8.1,11.5,117.3,64.8
Micheal Spurlock,CHI,WR,,,,184,,108,174,106,0,0,0,0,0,4,,,,,1.8,,49,3.3,52
Kevin Dorsey,GB,WR,,,,186,,,,,0,0,0,0,0,1,,,,,1.4,,,,
Tiquan Underwood,TB,WR,,,,,79,79,162,141,0,0,0,0,0,4,,,,,,92,82.6,6,19.1
Nate Burleson,DET,WR,,,,,81,85,32,40,0,0,0,0,1,3,,,,,,90.3,67.8,173.2,157.6
Davone Bess,CLE,WR,,,,,84,49,57,25,0,0,0,0,1,3,,,,,,88.2,144.8,119.6,186.7
Earl Bennett,CHI,WR,,,,,91,82,91,57,0,0,0,0,0,4,,,,,,80.3,78.5,66.1,121
Sidney Rice,SEA,WR,,,,,109,36,78,99,0,0,0,0,1,3,,,,,,54.1,167.4,92.7,57
Tandon Doss,BAL,WR,,,,,113,136,,,0,0,0,0,0,2,,,,,,47.5,25.3,,
Darius Johnson,ATL,WR,,,,,114,,,,0,0,0,0,0,1,,,,,,47,,,
Drew Davis,ATL,WR,,,,,115,146,,,0,0,0,0,0,2,,,,,,45.6,14,,
Brandon Stokley,BAL,WR,,,,,126,59,181,89,0,0,0,0,0,4,,,,,,24.5,129.4,1.7,66.4
Clyde Gates,NYJ,WR,,,,,127,124,,,0,0,0,0,0,2,,,,,,24.2,33.9,,
Jacoby Ford,OAK,WR,,,,,128,,102,66,0,0,0,0,0,3,,,,,,22.4,,54,109.5
Domenik Hixon,CAR,WR,,,,,136,69,143,,0,0,0,0,0,3,,,,,,18.5,107.7,15,
Mario Manningham,SF,WR,,,,,138,72,61,19,0,0,0,1,0,3,,,,,,17.5,97.3,115.3,206.6
Josh Cooper,CLE,WR,,,,,142,,,,0,0,0,0,0,1,,,,,,15,,,
Stephen Burton,JAC,WR,,,,,143,141,165,,0,0,0,0,0,3,,,,,,14.7,14.5,5.8,
Austin Collie,NE,WR,,,,,148,178,63,35,0,0,0,0,1,3,,,,,,12.3,1.6,111.4,168.9
Patrick Edwards,DET,WR,,,,,151,,,,0,0,0,0,0,1,,,,,,9.6,,,
Lestar Jean,HOU,WR,,,,,155,131,,,0,0,0,0,0,2,,,,,,7.5,27.1,,
Juron Criner,OAK,WR,,,,,156,122,,,0,0,0,0,0,2,,,,,,6.2,37.1,,
Jonathan Baldwin,SF,WR,,,,,157,98,105,,0,0,0,0,0,3,,,,,,5.8,58.5,52.4,
Jeremy Ebert,JAC,WR,,,,,159,,,,0,0,0,0,0,1,,,,,,4.8,,,
Chad Hall,KC,WR,,,,,160,,146,123,0,0,0,0,0,3,,,,,,4,,12.3,31.4
Kassim Osgood,SF,WR,,,,,164,,152,145,0,0,0,0,0,3,,,,,,2.7,,9.2,18
Kevin Cone,ATL,WR,,,,,166,,,,0,0,0,0,0,1,,,,,,2.2,,,
Armanti Edwards,CAR,WR,,,,,167,139,,,0,0,0,0,0,2,,,,,,2,17.1,,
Ben Obomanu,NYJ,WR,,,,,168,155,77,69,0,0,0,0,0,4,,,,,,1.8,10.9,93.9,105.1
David Reed,IND,WR,,,,,172,151,,179,0,0,0,0,0,3,,,,,,1.2,11.6,,1.5
Donald Jones,BUF,WR,,,,,,67,106,113,0,0,0,0,0,3,,,,,,,109.3,52.3,45.4
Kevin Walter,HOU,WR,,,,,,70,66,46,0,0,0,0,0,3,,,,,,,104.8,104.4,143.1
Michael Jenkins,MIN,WR,,,,,,73,69,70,0,0,0,0,0,3,,,,,,,96.9,98.6,103.5
Titus Young,DET,WR,,,,,,74,46,,0,0,0,0,0,2,,,,,,,96.9,146.2,
Randy Moss,SF,WR,,,,,,76,,73,0,0,0,0,0,2,,,,,,,89.4,,97.3
Chaz Schilens,NYJ,WR,,,,,,86,98,147,0,0,0,0,0,3,,,,,,,66.9,62.1,15
Devery Henderson,NO,WR,,,,,,97,73,80,0,0,0,0,0,3,,,,,,,60.9,95.2,87.2
Armon Binns,CIN,WR,,,,,,100,,,0,0,0,0,0,1,,,,,,,55.7,,
Jordan Shipley,TB,WR,,,,,,104,169,51,0,0,0,0,0,3,,,,,,,51.4,5.4,130
Early Doucet,ARI,WR,,,,,,107,42,95,0,0,0,0,0,3,,,,,,,49.6,152.9,61.6
Laurent Robinson,JAC,WR,,,,,,110,20,84,0,0,0,1,0,2,,,,,,,47.2,205.8,79
Braylon Edwards,SEA,WR,,,,,,114,121,26,0,0,0,0,1,2,,,,,,,43.9,33.1,183.8
Mohamed Massaquoi,CLE,WR,,,,,,116,84,76,0,0,0,0,0,3,,,,,,,42.4,81.4,94
Ramses Barden,NYG,WR,,,,,,123,139,154,0,0,0,0,0,3,,,,,,,36,18.4,11.4
Deion Branch,NE,WR,,,,,,126,44,31,0,0,0,0,1,2,,,,,,,30.5,151.2,176.8
Devin Aromashodu,MIN,WR,,,,,,128,87,128,0,0,0,0,0,3,,,,,,,29.2,78.8,24.9
Donald Driver,GB,WR,,,,,,130,58,53,0,0,0,0,0,3,,,,,,,27.7,117.5,129.5
Matt Willis,DEN,WR,,,,,,138,112,172,0,0,0,0,0,3,,,,,,,19,50.7,2.7
Terrance Copper,KC,WR,,,,,,140,136,121,0,0,0,0,0,3,,,,,,,16,19.4,33.7
Steve Breaston,KC,WR,,,,,,142,40,54,0,0,0,0,0,3,,,,,,,14.4,154,128.3
Brian Robiskie,DET,WR,,,,,,144,168,85,0,0,0,0,0,3,,,,,,,14.4,5.5,78
Donte' Stallworth,NE,WR,,,,,,147,92,150,0,0,0,0,0,3,,,,,,,13.3,65,12.7
Brandon Banks,WAS,WR,,,,,,148,176,168,0,0,0,0,0,3,,,,,,,13.1,2.1,3.6
Kealoha Pilares,CAR,WR,,,,,,149,,,0,0,0,0,0,1,,,,,,,12.7,,
Ryan Whalen,CIN,WR,,,,,,150,157,,0,0,0,0,0,2,,,,,,,12.3,6.7,
Devon Wylie,KC,WR,,,,,,153,,,0,0,0,0,0,1,,,,,,,11.3,,
Lavelle Hawkins,TEN,WR,,,,,,154,67,155,0,0,0,0,0,3,,,,,,,11.2,100,11.1
Jabar Gaffney,MIA,WR,,,,,,156,26,37,0,0,0,0,1,2,,,,,,,10.8,190.7,164.5
Jason Hill,NYJ,WR,,,,,,157,86,115,0,0,0,0,0,3,,,,,,,9.5,79.7,41.8
Greg Camarillo,NO,WR,,,,,,158,132,109,0,0,0,0,0,3,,,,,,,8.4,21.1,50
Charly Martin,SEA,WR,,,,,,160,,,0,0,0,0,0,1,,,,,,,8.2,,
Ruvell Martin,BUF,WR,,,,,,161,142,125,0,0,0,0,0,3,,,,,,,8.1,15.2,28.8
Kevin Elliott,JAC,WR,,,,,,164,,,0,0,0,0,0,1,,,,,,,6.8,,
Stefan Logan,DET,WR,,,,,,165,177,160,0,0,0,0,0,3,,,,,,,6.5,2.1,7.5
Kris Adams,IND,WR,,,,,,169,,,0,0,0,0,0,1,,,,,,,4.6,,
Dezmon Briscoe,WAS,WR,,,,,,170,64,136,0,0,0,0,0,3,,,,,,,4.3,109.7,21.3
Anthony Armstrong,MIA,WR,,,,,,171,123,42,0,0,0,0,0,3,,,,,,,4.2,31.2,147.1
Sammie Stroughter,TB,WR,,,,,,174,155,111,0,0,0,0,0,3,,,,,,,2.4,7.2,48
Jordan White,NYJ,WR,,,,,,175,,,0,0,0,0,0,1,,,,,,,2.3,,
Isaiah Stanback,JAC,WR,,,,,,179,,,0,0,0,0,0,1,,,,,,,1.6,,
Plaxico Burress,NYJ,WR,,,,,,,39,,0,0,0,0,0,1,,,,,,,,154.2,
Johnny Knox,CHI,WR,,,,,,,56,32,0,0,0,0,1,1,,,,,,,,119.7,175.2
Roy Williams,CHI,WR,,,,,,,68,61,0,0,0,0,0,2,,,,,,,,99.7,116
Legedu Naanee,CAR,WR,,,,,,,71,93,0,0,0,0,0,2,,,,,,,,96.7,63.9
Hines Ward,PIT,WR,,,,,,,76,38,0,0,0,0,0,2,,,,,,,,94.1,162.3
Jarett Dillard,JAC,WR,,,,,,,97,,0,0,0,0,0,1,,,,,,,,62.2,
Patrick Crayton,SD,WR,,,,,,,103,81,0,0,0,0,0,2,,,,,,,,53.8,85.4
Chad Johnson,NE,WR,,,,,,,113,33,0,0,0,0,1,1,,,,,,,,48.6,174.1
Naaman Roosevelt,BUF,WR,,,,,,,115,133,0,0,0,0,0,2,,,,,,,,47.7,23.2
Chastin West,JAC,WR,,,,,,,119,,0,0,0,0,0,1,,,,,,,,41.3,
Derrick Mason,NYJ,WR,,,,,,,120,27,0,0,0,0,1,1,,,,,,,,36,183.2
TJ Houshmandzadeh,OAK,WR,,,,,,,122,78,0,0,0,0,0,2,,,,,,,,31.6,87.8
Mike Sims-Walker,STL,WR,,,,,,,128,49,0,0,0,0,0,2,,,,,,,,27,139.2
Jesse Holley,DAL,WR,,,,,,,129,,0,0,0,0,0,1,,,,,,,,23.9,
Terrence Austin,WAS,WR,,,,,,,130,159,0,0,0,0,0,2,,,,,,,,23.7,7.7
Patrick Turner,NYJ,WR,,,,,,,131,166,0,0,0,0,0,2,,,,,,,,23.6,4.6
Bryant Johnson,HOU,WR,,,,,,,133,116,0,0,0,0,0,2,,,,,,,,21.1,39
David Anderson,HOU,WR,,,,,,,134,134,0,0,0,0,0,2,,,,,,,,20.9,22.7
Sam Hurd,CHI,WR,,,,,,,137,127,0,0,0,0,0,2,,,,,,,,18.9,26
Keary Colbert,KC,WR,,,,,,,140,,0,0,0,0,0,1,,,,,,,,17.9,
Bernard Berrian,MIN,WR,,,,,,,141,107,0,0,0,0,0,2,,,,,,,,16.1,51.9
Jerheme Urban,KC,WR,,,,,,,144,,0,0,0,0,0,1,,,,,,,,14.2,
Lee Evans,BAL,WR,,,,,,,147,59,0,0,0,0,0,2,,,,,,,,11.4,116.8
Deon Butler,SEA,WR,,,,,,,148,72,0,0,0,0,0,2,,,,,,,,11.1,99.1
Rashied Davis,DET,WR,,,,,,,150,131,0,0,0,0,0,2,,,,,,,,10.3,23.4
LaQuan Williams,BAL,WR,,,,,,,153,,0,0,0,0,0,1,,,,,,,,8.6,
Devin Thomas,NYG,WR,,,,,,,156,,0,0,0,0,0,1,,,,,,,,6.7,
Demarco Sampson,ARI,WR,,,,,,,158,,0,0,0,0,0,1,,,,,,,,6.6,
Carlton Mitchell,CLE,WR,,,,,,,160,,0,0,0,0,0,1,,,,,,,,6.1,
Taylor Price,NE,WR,,,,,,,163,161,0,0,0,0,0,2,,,,,,,,5.9,7.1
Chansi Stuckey,ARI,WR,,,,,,,164,86,0,0,0,0,0,2,,,,,,,,5.9,77.5
Mark Clayton,STL,WR,,,,,,,167,90,0,0,0,0,0,2,,,,,,,,5.6,66.2
Adrian Arrington,NO,WR,,,,,,,170,148,0,0,0,0,0,2,,,,,,,,5.1,14.9
Edmond Gates,MIA,WR,,,,,,,171,,0,0,0,0,0,1,,,,,,,,4.3,
Matt Slater,NE,WR,,,,,,,172,,0,0,0,0,0,1,,,,,,,,3.6,
Brett Swain,SF,WR,,,,,,,173,149,0,0,0,0,0,2,,,,,,,,3.5,13.2
Roscoe Parrish,BUF,WR,,,,,,,175,79,0,0,0,0,0,2,,,,,,,,2.6,87.3
Emmanuel Arceneaux,MIN,WR,,,,,,,178,,0,0,0,0,0,1,,,,,,,,2,
Nick Miller,OAK,WR,,,,,,,179,165,0,0,0,0,0,2,,,,,,,,1.8,5
Maurice Stovall,DET,WR,,,,,,,180,137,0,0,0,0,0,2,,,,,,,,1.8,21.1
Terrell Owens,CIN,WR,,,,,,,,16,0,0,0,1,0,0,,,,,,,,,224.3
David Gettis,CAR,WR,,,,,,,,68,0,0,0,0,0,1,,,,,,,,,106
Blair White,IND,WR,,,,,,,,71,0,0,0,0,0,1,,,,,,,,,101.5
Brian Finneran,ATL,WR,,,,,,,,102,0,0,0,0,0,1,,,,,,,,,53.6
Craig Davis,SD,WR,,,,,,,,103,0,0,0,0,0,1,,,,,,,,,52.9
Justin Gage,TEN,WR,,,,,,,,104,0,0,0,0,0,1,,,,,,,,,52.6
Chris Chambers,KC,WR,,,,,,,,110,0,0,0,0,0,1,,,,,,,,,49.3
Antwaan Randle El,PIT,WR,,,,,,,,112,0,0,0,0,0,1,,,,,,,,,47.5
Kelley Washington,SD,WR,,,,,,,,118,0,0,0,0,0,1,,,,,,,,,36.3
Greg Lewis,MIN,WR,,,,,,,,119,0,0,0,0,0,1,,,,,,,,,36.2
Joey Galloway,WAS,WR,,,,,,,,124,0,0,0,0,0,1,,,,,,,,,29.3
Verran Tucker,KC,WR,,,,,,,,132,0,0,0,0,0,1,,,,,,,,,23.4
Max Komar,ARI,WR,,,,,,,,135,0,0,0,0,0,1,,,,,,,,,21.7
Johnnie Lee Higgins,OAK,WR,,,,,,,,139,0,0,0,0,0,1,,,,,,,,,20.3
David Clowney,NYJ,WR,,,,,,,,140,0,0,0,0,0,1,,,,,,,,,19.4
Stephen Williams,ARI,WR,,,,,,,,142,0,0,0,0,0,1,,,,,,,,,19.1
Roydell Williams,WAS,WR,,,,,,,,143,0,0,0,0,0,1,,,,,,,,,18.9
Dominique Zeigler,SF,WR,,,,,,,,144,0,0,0,0,0,1,,,,,,,,,18.8
Roberto Wallace,MIA,WR,,,,,,,,151,0,0,0,0,0,1,,,,,,,,,12.2
Anthony Gonzalez,IND,WR,,,,,,,,153,0,0,0,0,0,1,,,,,,,,,11.7
Mardy Gilyard,STL,WR,,,,,,,,156,0,0,0,0,0,1,,,,,,,,,10.3
Brandon James,IND,WR,,,,,,,,157,0,0,0,0,0,1,,,,,,,,,10
Dwayne Jarrett,CAR,WR,,,,,,,,163,0,0,0,0,0,1,,,,,,,,,6
Derrick Williams,DET,WR,,,,,,,,164,0,0,0,0,0,1,,,,,,,,,6
Michael Clayton,NYG,WR,,,,,,,,167,0,0,0,0,0,1,,,,,,,,,3.9
Quan Cosby,CIN,WR,,,,,,,,169,0,0,0,0,0,1,,,,,,,,,3.6
Yamon Figurs,OAK,WR,,,,,,,,170,0,0,0,0,0,1,,,,,,,,,3.3
Hank Baskett,PHI,WR,,,,,,,,171,0,0,0,0,0,1,,,,,,,,,2.8
Kevin Curtis,MIA,WR,,,,,,,,173,0,0,0,0,0,1,,,,,,,,,2.2
Paul Hubbard,BUF,WR,,,,,,,,174,0,0,0,0,0,1,,,,,,,,,1.8
Sam Aiken,CLE,WR,,,,,,,,176,0,0,0,0,0,1,,,,,,,,,1.7
Manuel Johnson,DAL,WR,,,,,,,,177,0,0,0,0,0,1,,,,,,,,,1.6
Richard Goodman,SD,WR,,,,,,,,178,0,0,0,0,0,1,,,,,,,,,1.5
Duke Calhoun,NYG,WR,,,,,,,,180,0,0,0,0,0,1,,,,,,,,,1.4
Gary Banks,SD,WR,,,,,,,,181,0,0,0,0,0,1,,,,,,,,,1.2
Travis Kelce,KC,TE,1,1,8,6,,,,,2,2,4,0,0,0,,235.5,221,185.5,177.2,,,,
Rob Gronkowski,NE,TE,2,26,1,1,18,5,1,11,3,5,6,1,1,0,,225.3,97,255.6,266.4,122.2,198,330.9,154.6
Zach Ertz,PHI,TE,3,6,9,13,23,,,,0,1,3,2,0,0,,202.4,183.6,170.3,144.2,106.9,,,
Delanie Walker,TEN,TE,4,5,3,8,11,37,40,36,0,3,5,0,1,2,,174.5,188.1,242.4,176,153.1,70.9,57.3,61.9
Evan Engram,NYG,TE,5,,,,,,,,0,1,1,0,0,0,,173.6,,,,,,,
Jimmy Graham,SEA,TE,6,4,20,2,1,1,2,27,2,5,6,1,1,0,,169,189.3,120.5,229.9,303.5,237.2,294,96.9
Jack Doyle,IND,TE,7,13,65,51,87,,,,0,0,1,1,0,3,,169,145.4,25.2,41.8,6.9,,,
Kyle Rudolph,MIN,TE,8,2,15,38,35,11,34,,0,1,3,1,2,1,,158.2,209,128.5,59.1,79.3,156.3,68.9,
Jason Witten,DAL,TE,9,11,10,9,6,3,5,1,1,3,8,0,0,0,,147,152.3,164.2,164.3,206.1,231.9,203.2,246.2
Cameron Brate,TB,TE,10,7,36,102,,,,,0,0,2,0,1,1,,143.1,171,69.8,2.7,,,,
Ben Watson,BAL,TE,11,,7,47,47,24,29,9,0,0,3,1,1,2,,137.2,,,,,,,
Jared Cook,OAK,TE,12,36,28,16,12,22,16,32,0,0,2,3,3,0,,132.7,71.7,85.1,133.4,146.1,118.3,138.9,71.1
Eric Ebron,DET,TE,13,14,13,40,,,,,0,0,0,3,0,1,,132.4,144.2,130.7,55.8,,,,
Hunter Henry,LAC,TE,14,18,,,,,,,0,0,0,2,0,0,,126.9,130.2,,,,,,
Tyler Kroft,CIN,TE,15,73,59,,,,,,0,0,0,1,0,2,,124.4,19.2,29.9,,,,,
Vernon Davis,WAS,TE,16,21,33,35,5,20,8,2,0,2,3,3,2,0,,118.3,114.3,77.5,62.9,213,125.8,179.7,189.4
Austin Hooper,ATL,TE,17,38,,,,,,,0,0,0,1,0,1,,119.6,64.1,,,,,,
Charles Clay,BUF,TE,18,16,17,15,8,45,39,,0,0,1,4,0,2,,116.8,136.2,121.8,136.5,188.4,51.2,57.3,
George Kittle,SF,TE,19,,,,,,,,0,0,0,1,0,0,,106.5,,,,,,,
Austin Seferian-Jenkins,NYJ,TE,20,55,32,43,,,,,0,0,0,1,1,2,,101.7,34.4,78.8,53.1,,,,
O.J. Howard,TB,TE,21,,,,,,,,0,0,0,1,0,0,,101.2,,,,,,,
Jesse James,PIT,TE,22,28,74,,,,,,0,0,0,1,1,1,,98.2,90.8,19.6,,,,,
Julius Thomas,MIA,TE,23,32,18,10,2,,103,,0,1,2,2,1,1,,97.8,82.1,121.5,163.9,215.8,,1.5,
David Njoku,CLE,TE,24,,,,,,,,0,0,0,1,0,0,,94.7,,,,,,,
Marcedes Lewis,JAX,TE,25,46,48,44,31,16,30,4,0,1,1,1,3,3,,85.8,42.9,38.6,50.6,82.9,130,85,184
Ed Dickson,CAR,TE,26,61,46,58,45,49,17,52,0,0,0,1,1,6,,79.7,29.4,41.1,27.5,58.3,43.5,136.8,32.2
Antonio Gates,LAC,TE,27,12,12,3,9,13,7,3,0,2,6,1,1,0,,79.6,147.8,149,223.1,184.2,144.8,183.8,188.2
Garrett Celek,SF,TE,28,33,43,89,,,,,0,0,0,0,2,2,,78.6,80,55.6,7.3,,,,
Trey Burton,PHI,TE,29,34,90,105,,,,,0,0,0,0,2,2,,77.8,75.7,8.4,1,,,,
Jermaine Gresham,ARI,TE,30,29,44,14,22,10,14,16,0,0,1,4,2,1,,77.2,88,46.3,138,110.1,165.7,149.6,121.1
Seth DeValve,CLE,TE,31,53,,,,,,,0,0,0,0,1,1,,76.5,34.7,,,,,,
Stephen Anderson,HOU,TE,32,64,,,,,,,0,0,0,0,1,1,,65.2,26.3,,,,,,
Nick O'Leary,BUF,TE,33,71,97,,,,,,0,0,0,0,1,2,,64.2,20.4,4.7,,,,,
Coby Fleener,NO,TE,34,15,19,7,14,38,,,0,0,1,3,1,1,,63.5,137.3,121.1,176.4,136.8,66.1,,
Tyler Higbee,LAR,TE,35,65,,,,,,,0,0,0,0,1,1,,60.5,25.5,,,,,,
Jordan Reed,WAS,TE,36,9,2,21,21,,,,0,1,2,2,1,0,,60.1,168.6,244.2,94.5,114.7,,,
Rhett Ellison,NYG,TE,37,70,60,46,63,70,,,0,0,0,0,0,6,,59.5,20.8,29.4,45.8,17.1,13.5,,
Martellus Bennett,GB,TE,38,10,22,5,10,12,49,37,0,1,4,1,0,3,,58.6,168.1,114.9,217.6,168.9,147.6,31.4,59
Zach Miller,CHI,TE,40,20,23,77,25,30,44,10,0,0,1,2,2,3,,55.6,119.6,107.9,13.6,101.7,93.6,48.3,158.5
A.J. Derby,DEN,TE,41,59,,,,,,,0,0,0,0,0,2,,55.4,30,,,,,,
Luke Willson,SEA,TE,43,48,45,28,48,,,,0,0,0,0,1,4,,54.3,39.9,44.3,76.2,53.2,,,
Darren Fells,DET,TE,44,50,35,81,,,,,0,0,0,0,1,3,,52.7,35.4,70.1,12.1,,,,
Gerald Everett,LAR,TE,45,,,,,,,,0,0,0,0,0,1,,49.9,,,,,,,
Ricky Seals-Jones,ARI,TE,46,,,,,,,,0,0,0,0,0,1,,50.1,,,,,,,
Nick Boyle,BAL,TE,47,83,57,,,,,,0,0,0,0,0,3,,48.3,10.4,33.3,,,,,
Demetrius Harris,KC,TE,48,51,72,97,,,,,0,0,0,0,0,4,,46.4,35.3,20.4,5,,,,
Jonnu Smith,TEN,TE,49,,,,,,,,0,0,0,0,0,1,,45.7,,,,,,,
Lance Kendricks,GB,TE,50,23,41,25,32,23,37,,0,0,0,2,2,3,,44.3,109.9,61.5,82.9,81.8,117.9,60.4,
Adam Shaheen,CHI,TE,51,,,,,,,,0,0,0,0,0,1,,42.7,,,,,,,
Greg Olsen,CAR,TE,52,3,5,4,7,7,18,23,0,3,5,2,0,1,,42.1,205.3,227.4,220.8,190.6,183.3,127,109.4
Virgil Green,DEN,TE,53,42,52,67,70,77,88,,0,0,0,0,0,7,,39.1,51.7,35.3,19.7,13.5,11.3,5.4,
Dion Sims,CHI,TE,54,35,54,34,66,,,,0,0,0,0,2,3,,39,75.6,34.7,64.4,15.2,,,
Vance McDonald,PIT,TE,55,30,30,101,60,,,,0,0,0,0,2,3,,38.8,87.1,80.6,3,19.9,,,
Jeff Heuerman,DEN,TE,56,67,,,,,,,0,0,0,0,0,2,,35.2,23.1,,,,,,
James O'Shaughnessy,JAX,TE,57,112,81,,,,,,0,0,0,0,0,3,,34.9,1.9,14.7,,,,,
Ryan Griffin,HOU,TE,58,24,42,61,49,,,,0,0,0,1,0,4,,34.8,104.2,57.1,25.1,45.6,,,
Richard Rodgers,GB,TE,59,37,11,42,,,,,0,0,1,0,0,3,,34,69.1,158.1,54.5,,,,
Brent Celek,PHI,TE,60,60,29,31,20,19,11,18,0,0,1,3,2,2,,32,29.5,84.8,70,116.2,129.4,173.1,117.1
Nick Vannett,SEA,TE,61,95,,,,,,,0,0,0,0,0,2,,30.4,6.2,,,,,,
Levine Toilolo,ATL,TE,62,43,88,33,55,,,,0,0,0,0,1,4,,30.2,51.4,11.4,64.8,28.5,,,
Troy Niklas,ARI,TE,63,115,75,93,,,,,0,0,0,0,0,4,,30.2,1,19.3,6.8,,,,
Josh Hill,NO,TE,64,49,47,36,,,,,0,0,0,0,1,3,,29.7,35.9,40,61.6,,,,
Anthony Fasano,MIA,TE,65,62,37,30,44,28,22,20,0,0,0,2,2,4,,28.7,28.3,66.9,71.6,61,104.2,107.1,115.8
Maxx Williams,BAL,TE,66,,39,,,,,,0,0,0,0,0,2,,28.2,,64.8,,,,,
C.J. Fiedorowicz,HOU,TE,67,17,49,80,,,,,0,0,0,1,0,3,,26.7,133.9,37.7,12.8,,,,
Eric Tomlinson,NYJ,TE,68,,,,,,,,0,0,0,0,0,1,,26.1,,,,,,,
Daniel Brown,CHI,TE,69,54,85,,,,,,0,0,0,0,0,3,,24,34.4,12.4,,,,,
David Morgan,MIN,TE,70,114,,,,,,,0,0,0,0,0,2,,25.5,1.4,,,,,,
C.J. Uzomah,CIN,TE,71,41,107,,,,,,0,0,0,0,0,3,,25.2,54.4,1.4,,,,,
Brandon Williams,IND,TE,72,96,,85,,,,,0,0,0,0,0,3,,25.1,5.6,,8.4,,,,
Dwayne Allen,NE,TE,73,22,58,19,80,25,,,0,0,0,2,1,3,,24.6,111.6,33,116.5,9,115.6,,
Niles Paul,WAS,TE,74,98,,22,79,54,89,,0,0,0,1,0,5,,22.8,4.7,,93.7,9.1,29.1,5.2,
Logan Thomas,BUF,TE,75,,,,,,,,0,0,0,0,0,1,,19.7,,,,,,,
James Hanna,DAL,TE,76,,79,84,61,63,,,0,0,0,0,0,5,,18.8,,16.9,8.8,19.3,16.6,,
Jerell Adams,NYG,TE,78,56,,,,,,,0,0,0,0,0,2,,17.2,34.2,,,,,,
Michael Hoomanawanui,NO,TE,79,,55,88,54,65,66,44,0,0,0,0,0,7,,17.2,,34.6,7.4,31.6,15.9,15.3,45.6
Clive Walford,OAK,TE,80,31,31,,,,,,0,0,0,0,2,1,,17,86.9,78.9,,,,,
Lee Smith,OAK,TE,81,87,66,73,71,62,90,,0,0,0,0,0,7,,15.6,8.9,25,17.2,12.8,17.3,5.1,
Derek Carrier,LAR,TE,82,107,50,66,,,,,0,0,0,0,0,4,,15.1,3,37.1,19.7,,,,
Ross Travis,KC,TE,83,101,,,,,,,0,0,0,0,0,2,,14.6,4.5,,,,,,
Neal Sterling,NYJ,TE,85,68,,,,,,,0,0,0,0,0,2,,14.2,23,,,,,,
Xavier Grimble,PIT,TE,86,52,,,,,,,0,0,0,0,0,2,,14.2,34.8,,,,,,
Phillip Supernaw,TEN,TE,87,85,98,95,,,,,0,0,0,0,0,4,,13.9,10.2,4.2,6,,,,
Luke Stocker,TB,TE,88,92,71,82,,50,60,,0,0,0,0,0,6,,13,7.3,21.1,11.1,,38.5,21.2,
Alan Cross,TB,TE,90,76,,,,,,,0,0,0,0,0,2,,10.8,15.8,,,,,,
Jeremy Sprinkle,WAS,TE,91,,,,,,,,0,0,0,0,0,1,,9.3,,,,,,,
Ben Koyack,JAX,TE,92,47,,,,,,,0,0,0,0,0,2,,8.8,41.1,,,,,,
Jacob Hollister,NE,TE,93,,,,,,,,0,0,0,0,0,1,,8.7,,,,,,,
Michael Roberts,DET,TE,94,,,,,,,,0,0,0,0,0,1,,8.6,,,,,,,
Sean McGrath,LAC,TE,95,99,,,41,,,,0,0,0,0,0,3,,8.6,4.5,,,68.2,,,
Tyler Eifert,CIN,TE,96,25,6,94,26,,,,0,0,1,0,2,2,,8.6,98.4,191.5,6.7,95.5,,,
Will Tye,NYJ,TE,97,27,24,,,,,,0,0,0,1,1,1,,7.8,93.5,104.4,,,,,
Orson Charles,KC,TE,98,,,,98,58,,,0,0,0,0,0,3,,7.3,,,,1.8,18.1,,
Randall Telfer,CLE,TE,99,109,,,,,,,0,0,0,0,0,2,,6.6,2.4,,,,,,
Darrell Daniels,IND,TE,100,,,,,,,,0,0,0,0,0,1,,5.6,,,,,,,
Ifeanyi Momah,ARI,TE,101,94,,,,,,,0,0,0,0,0,2,,5.6,7,,,,,,
Blake Bell,MIN,TE,103,82,56,,,,,,0,0,0,0,0,3,,4.9,12.5,33.6,,,,,
Antony Auclair,TB,TE,104,,,,,,,,0,0,0,0,0,1,,4.5,,,,,,,
Geoff Swaim,DAL,TE,105,81,111,,,,,,0,0,0,0,0,3,,4.5,12.9,1,,,,,
Chris Manhertz,CAR,TE,107,111,,,,,,,0,0,0,0,0,2,,3.7,2,,,,,,
Cole Hikutini,SF,TE,108,,,,,,,,0,0,0,0,0,1,,3.5,,,,,,,
MarQueis Gray,MIA,TE,109,57,108,63,,,,,0,0,0,0,0,4,,3.4,31.4,1.2,22.4,,,,
Jeff Cumberland,LAC,TE,110,,84,32,29,34,87,100,0,0,0,0,3,4,,2.2,,12.7,65.7,89.8,82.9,5.5,1.3
Cethan Carter,CIN,TE,113,,,,,,,,0,0,0,0,0,1,,0,,,,,,,
Evan Baylis,HOU,TE,114,,,,,,,,0,0,0,0,0,1,,0,,,,,,,
Logan Paulsen,SF,TE,116,100,,62,40,40,55,78,0,0,0,0,0,7,,0,4.5,,24.8,68.7,61.8,24.8,9
Matt LaCosse,NYG,TE,117,,96,,,,,,0,0,0,0,0,2,,0,,5.2,,,,,
Kellen Winslow,NYJ,TE,,,,,33,87,12,7,0,0,2,0,1,1,,,,,,81.8,2.2,161.3,169
Owen Daniels,DEN,TE,,,21,18,42,9,15,26,0,0,1,3,1,1,,,,115.7,124.7,67.2,169.6,139.7,97.1
Daniel Fells,NYG,TE,,,87,39,,74,36,28,0,0,0,0,2,3,,,,12,56.8,,12.5,60.6,92.1
Matt Spaeth,PIT,TE,,,100,78,84,68,56,60,0,0,0,0,0,6,,,,3,13.6,8.1,14.8,24,23
Scott Chandler,NE,TE,,,34,20,16,15,21,97,0,0,0,4,1,1,,,,72.9,114.7,128.5,134.1,110.9,1.8
Clark Harris,CIN,TE,,,,,,,,,0,0,0,0,0,0,,,,,,,,,
Fred Davis,WAS,TE,,,,,59,41,13,33,0,0,0,1,1,2,,,,,,20,56.6,154.6,70.6
Craig Stevens,TEN,TE,,,51,98,95,42,48,48,0,0,0,0,0,6,,,,36.1,4.6,2.5,56.5,31.6,35.2
Gary Barnidge,CLE,TE,,19,4,55,52,56,,,0,1,1,1,0,3,,,128.2,237.3,28.6,37.7,19.8,,
Jacob Tamme,ATL,TE,,39,14,54,50,21,45,12,0,0,1,2,0,4,,,61,130.7,34.9,44.4,119.5,42.7,154.1
Kellen Davis,NYJ,TE,,,89,,72,44,35,79,0,0,0,0,1,4,,,,10.8,,12.2,51.9,68.6,8.9
Matthew Mulligan,DET,TE,,113,109,,78,55,75,,0,0,0,0,0,5,,,1.8,1.2,,9.6,22.4,10.8,
James Casey,DEN,TE,,,,65,90,32,43,64,0,0,0,0,1,4,,,,,20.9,6.1,85.6,51.1,17.8
Chase Coffman,IND,TE,,,70,71,,88,,89,0,0,0,0,0,4,,,,21.1,18.4,,2.1,,6
Bear Pascoe,NE,TE,,,,87,58,71,54,67,0,0,0,0,0,5,,,,,8.3,20.3,13.5,25.6,16.2
Brandon Pettigrew,DET,TE,,,73,74,27,18,6,8,0,0,2,1,1,2,,,,19.7,17,92.6,129.5,190.7,167.2
John Phillips,NO,TE,,66,68,92,86,57,51,,0,0,0,0,0,6,,,23.2,22.9,7.1,7,19.5,31.1,
Dennis Pitta,BAL,TE,,8,,56,51,8,25,102,0,0,2,0,1,3,,,168.9,,28.5,42.9,169.9,98.5,1.1
Tony Moeaki,CHI,TE,,,80,59,,33,,17,0,0,0,1,1,2,,,,14.8,27.4,,84.3,,120.6
Jim Dray,ARI,TE,,,86,45,46,85,92,84,0,0,0,0,0,6,,,,12.1,47.2,57.5,3.5,4.5,7.7
Garrett Graham,DEN,TE,,,83,48,15,35,94,,0,0,0,1,1,3,,,,13,43.7,131.5,72.3,3.4,
Clay Harbor,NO,TE,,97,53,37,43,43,46,61,0,0,0,0,0,7,,,4.9,34.9,60.8,63.2,53.8,35.3,22.2
Anthony McCoy,SEA,TE,,,,,,39,52,,0,0,0,0,0,2,,,,,,,65.1,27.6,
Andrew Quarless,DET,TE,,,93,26,36,,84,42,0,0,0,0,2,3,,,,7.1,79.3,75.2,,6.6,48.8
Richie Brockel,CAR,TE,,,,,,,73,,0,0,0,0,0,1,,,,,,,,11.5,
Rob Housler,NE,TE,,,92,64,28,31,57,,0,0,0,0,2,3,,,,7.3,22,90.4,86.7,23.3,
Bruce Miller,SF,TE,,,99,84,67,105,93,,0,0,0,0,0,5,,,,30.9,47.8,50.6,22.2,26.1,
David Ausberry,DET,TE,,,,100,,64,96,,0,0,0,0,0,3,,,,,3.4,,16.2,3.2,
D.J. Williams,WAS,TE,,,,,,73,95,,0,0,0,0,0,2,,,,,,,12.7,3.3,
Ladarius Green,PIT,TE,,40,25,52,38,79,,,0,0,0,0,1,4,,,54.4,103.9,41.6,72.6,9.6,,
Greg Scruggs,NE,TE,,,,,,,,,0,0,0,0,0,0,,,,,,,,,
Chase Ford,BAL,TE,,,,41,,,,,0,0,0,0,0,1,,,,,54.8,,,,
Cooper Helfet,OAK,TE,,,64,50,,,,,0,0,0,0,0,2,,,,26,42.5,,,,
Brandon Bostick,NYJ,TE,,78,,86,57,,,,0,0,0,0,0,3,,,14.3,,8.3,25,,,
Larry Donnell,BAL,TE,,63,40,12,,,,,0,0,1,0,0,2,,,28.2,63.3,153.3,,,,
Gavin Escobar,BAL,TE,,80,77,49,53,,,,0,0,0,0,0,4,,,13,18.4,43.5,34.4,,,
Michael Williams,NE,TE,,,94,,,,,,0,0,0,0,0,1,,,,5.6,,,,,
Mychal Rivera,JAX,TE,,45,38,17,24,,,,0,0,0,2,0,2,,,43.2,66,133.4,102.7,,,
Chris Gragg,NYJ,TE,,,63,72,64,,,,0,0,0,0,0,3,,,,27,17.8,16.3,,,
Justice Cunningham,LAR,TE,,,,,101,,,,0,0,0,0,0,1,,,,,,1.4,,,
Timothy Wright,DET,TE,,,,,,,,,0,0,0,0,0,0,,,,,,,,,
Zach Sudfeld,NYJ,TE,,,,79,74,,,,0,0,0,0,0,2,,,,,13.5,11.3,,,
Jake Stoneburner,LAR,TE,,,69,,,,,,0,0,0,0,0,1,,,,21.7,,,,,
Crockett Gillmore,BAL,TE,,69,26,57,,,,,0,0,0,0,1,2,,,21.1,98.2,28.1,,,,
Jace Amaro,TEN,TE,,86,,24,,,,,0,0,0,1,0,1,,,8.9,,84.5,,,,
Brian Leonhardt,MIN,TE,,,106,76,,,,,0,0,0,0,0,2,,,,1.4,15.5,,,,
Marcel Jensen,WAS,TE,,,,103,,,,,0,0,0,0,0,1,,,,,1.8,,,,
Asante Cleveland,LAC,TE,,,110,,,,,,0,0,0,0,0,1,,,,1.1,,,,,
Nic Jacobs,JAX,TE,,,104,83,,,,,0,0,0,0,0,2,,,,1.6,9.6,,,,
Blake Annen,BUF,TE,,,,,,,,,0,0,0,0,0,0,,,,,,,,,
RaShaun Allen,HOU,TE,,,,,,,,,0,0,0,0,0,0,,,,,,,,,
Justin Perillo,CHI,TE,,91,62,,,,,,0,0,0,0,0,2,,,7.5,27.2,,,,,
MyCole Pruitt,CHI,TE,,106,76,,,,,,0,0,0,0,0,2,,,3.3,18.9,,,,,
Gerald Christian,ARI,TE,,108,,,,,,,0,0,0,0,0,1,,,2.4,,,,,,
Darren Waller,BAL,TE,,58,99,,,,,,0,0,0,0,0,2,,,30.5,3.8,,,,,
Rory Anderson,BUF,TE,,,,,,,,,0,0,0,0,0,0,,,,,,,,,
Kennard Backman,DET,TE,,,,,,,,,0,0,0,0,0,0,,,,,,,,,
E.J. Bibbs,WAS,TE,,,102,,,,,,0,0,0,0,0,1,,,,,,,,,
Khari Lee,BUF,TE,,,103,,,,,,0,0,0,0,0,1,,,,1.7,,,,,
Jerome Cunningham,TEN,TE,,,82,,,,,,0,0,0,0,0,1,,,,13.9,,,,,
Wes Saxton,BUF,TE,,,,,,,,,0,0,0,0,0,0,,,,,,,,,
Temarrick Hemingway,LAR,TE,,,,,,,,,0,0,0,0,0,0,,,,,,,,,
Rico Gathers,DAL,TE,,,,,,,,,0,0,0,0,0,0,,,,,,,,,
Beau Sandland,GB,TE,,,,,,,,,0,0,0,0,0,0,,,,,,,,,
Ben Braunecker,CHI,TE,,89,,,,,,,0,0,0,0,0,1,,,8.1,,,,,,
Cole Wick,DET,TE,,103,,,,,,,0,0,0,0,0,1,,,3.8,,,,,,
Erik Swoope,IND,TE,,44,,,,,,,0,0,0,0,0,1,,,50.7,,,,,,
Anthony Denham,PHI,TE,,,,,,,,,0,0,0,0,0,0,,,,,,,,,
Bryce Williams,CAR,TE,,,,,,,,,0,0,0,0,0,0,,,,,,,,,
Braedon Bowman,NO,TE,,,,,,,,,0,0,0,0,0,0,,,,,,,,,
Brian Parker,NYJ,TE,,,105,,,,,,0,0,0,0,0,1,,,,1.6,,,,,
Joshua Perkins,ATL,TE,,79,,,,,,,0,0,0,0,0,1,,,13.2,,,,,,
Scott Simonson,CAR,TE,,,101,,,,,,0,0,0,0,0,1,,,,2,,,,,
D.J. Tialavea,ATL,TE,,93,,,,,,,0,0,0,0,0,1,,,7.1,,,,,,
Matt Lengel,CLE,TE,,84,,,,,,,0,0,0,0,0,1,,,10.2,,,,,,
Alex Ellis,JAX,TE,,102,,,,,,,0,0,0,0,0,1,,,4.1,,,,,,
Jordan Leggett,NYJ,TE,,,,,,,,,0,0,0,0,0,0,,,,,,,,,
Jake Butt,DEN,TE,,,,,,,,,0,0,0,0,0,0,,,,,,,,,
Mason Schreck,CIN,TE,,,,,,,,,0,0,0,0,0,0,,,,,,,,,
Bucky Hodges,MIN,TE,,,,,,,,,0,0,0,0,0,0,,,,,,,,,
Eric Saubert,ATL,TE,,,,,,,,,0,0,0,0,0,0,,,,,,,,,
Hakeem Valles,ARI,TE,,,,,,,,,0,0,0,0,0,0,,,,,,,,,
Sean Culkin,LAC,TE,,,,,,,,,0,0,0,0,0,0,,,,,,,,,
Shane Smith,NYG,TE,,,,,,,,,0,0,0,0,0,0,,,,,,,,,
Brandon Myers,TB,TE,,75,67,53,17,6,50,63,0,0,1,1,0,5,,,18.9,24.7,41,123.2,183.6,31.1,20
Jordan Cameron,MIA,TE,,72,27,27,4,46,80,,0,1,1,0,2,3,,,20,91.6,78.4,213.7,48.6,9.3,
Dominique Jones,MIA,TE,,74,,,92,91,,,0,0,0,0,0,3,,,19.1,,,5.4,1.8,,
Chris Pantale,MIA,TE,,,,,,,,,0,0,0,0,0,0,,,,,,,,,
Thomas Duarte,MIA,TE,,,,,,,,,0,0,0,0,0,0,,,,,,,,,
Connor Hamlett,CLE,TE,,88,,,,,,,0,0,0,0,0,1,,,8.7,,,,,,
Je'Ron Hamm,SF,TE,,104,,,,,,,0,0,0,0,0,1,,,3.3,,,,,,
Henry Krieger-Coble,DEN,TE,,110,,,,,,,0,0,0,0,0,1,,,2.3,,,,,,
Heath Miller,PIT,TE,,,16,11,19,4,19,24,0,1,2,4,0,0,,,,125.7,158.1,121.3,200.6,124.7,103.2
Tim Wright,DET,TE,,,61,23,13,,,,0,0,0,2,0,1,,,,28.7,87.7,141.3,,,
John Carlson,ARI,TE,,,,29,39,75,,34,0,0,0,0,2,2,,,,,74,70.4,12.3,,68.8
Dante Rosario,CHI,TE,,,,60,96,52,62,38,0,0,0,0,0,5,,,,,25.6,2.3,35.5,18.7,58.2
Joseph Fauria,DET,TE,,,,69,34,,,,0,0,0,0,1,1,,,,,19.4,80.7,,,
Adrien Robinson,NYG,TE,,,,75,,,,,0,0,0,0,0,1,,,,,16,,,,
Kevin Brock,CIN,TE,,,,90,89,,91,,0,0,0,0,0,3,,,,,7.1,6.6,,4.7,
Michael Palmer,PIT,TE,,,,91,99,72,58,71,0,0,0,0,0,5,,,,,7.1,1.8,13.1,23.2,13.9
Harold Hoskins,MIA,TE,,,,96,,,,,0,0,0,0,0,1,,,,,5.1,,,,
Taylor Thompson,TEN,TE,,,,99,76,78,,,0,0,0,0,0,3,,,,,4.4,10.3,10.6,,
Tony Gonzalez,ATL,TE,,,,,3,2,4,6,0,3,4,0,0,0,,,,,,214.7,234,209.5,171.6
Dallas Clark,BAL,TE,,,,,30,26,32,30,0,0,0,0,4,0,,,,,,83.3,114.5,79.2,89.7
Jermichael Finley,GB,TE,,,,,37,14,9,39,0,0,1,1,0,2,,,,,,73,137.7,179.7,57.1
Jake Ballard,ARI,TE,,,,,56,,20,,0,0,0,1,0,1,,,,,,26.5,,122.4,
Joel Dreessen,DEN,TE,,,,,62,27,24,22,0,0,0,2,1,1,,,,,,17.7,106.6,99.3,109.7
Tony Scheffler,DET,TE,,,,,65,29,26,31,0,0,0,0,3,1,,,,,,15.2,98.4,97.2,86.8
Jeron Mastrud,OAK,TE,,,,,67,,100,,0,0,0,0,0,2,,,,,,14.8,,1.8,
David Paulson,PIT,TE,,,,,68,76,,,0,0,0,0,0,2,,,,,,14.2,12.1,,
Michael Egnew,MIA,TE,,,,,69,,,,0,0,0,0,0,1,,,,,,13.9,,,
Tom Crabtree,TB,TE,,,,,73,47,64,77,0,0,0,0,0,4,,,,,,12.1,46.3,15.8,10.1
Allen Reisner,JAC,TE,,,,,81,,102,,0,0,0,0,0,2,,,,,,9,,1.5,
Ryan Taylor,GB,TE,,,,,82,89,83,,0,0,0,0,0,3,,,,,,9,2.1,7.4,
Weslye Saunders,IND,TE,,,,,83,,71,,0,0,0,0,0,2,,,,,,8.6,,12.9,
Nick Kasa,OAK,TE,,,,,85,,,,0,0,0,0,0,1,,,,,,7.9,,,
Nate Byham,TB,TE,,,,,88,,,83,0,0,0,0,0,2,,,,,,6.8,,,7.7
Dorin Dickerson,DET,TE,,,,,91,59,,,0,0,0,0,0,2,,,,,,5.4,17.9,,
Billy Bajema,BAL,TE,,,,,,,,,0,0,0,0,0,0,,,,,,3.8,,16.1,40.5
Kory Sperry,ARI,TE,,,,,94,,93,73,0,0,0,0,0,3,,,,,,2.6,,4.2,11.3
Visanthe Shiancoe,TEN,TE,,,,,97,,27,21,0,0,0,1,1,1,,,,,,2.2,,94.9,112.1
Mike McNeill,STL,TE,,,,,100,82,,,0,0,0,0,0,2,,,,,,1.5,7.1,,
Richard Gordon,KC,TE,,,,,102,80,106,,0,0,0,0,0,3,,,,,,1.3,8.9,1.2,
Aaron Hernandez,NE,TE,,,,,,17,3,14,0,1,1,2,0,0,,,,,,,129.8,214.5,142
Dustin Keller,NYJ,TE,,,,,,36,10,13,0,0,1,1,1,0,,,,,,,71.7,174.5,153.7
David Thomas,NO,TE,,,,,,48,85,35,0,0,0,0,1,2,,,,,,,43.6,6.6,63.9
Will Heller,DET,TE,,,,,,51,77,72,0,0,0,0,0,3,,,,,,,38,10.2,13.7
Jeff King,ARI,TE,,,,,,53,33,45,0,0,0,0,1,2,,,,,,,29.9,72.1,43.1
Todd Heap,ARI,TE,,,,,,61,38,15,0,0,0,1,0,2,,,,,,,17.4,58.3,129.9
Leonard Pope,PIT,TE,,,,,,66,42,54,0,0,0,0,0,3,,,,,,,15.9,54.7,29.6
Kevin Boss,KC,TE,,,,,,67,31,19,0,0,0,1,1,1,,,,,,,15.5,82.8,116.1
Randy McMichael,SD,TE,,,,,,69,41,40,0,0,0,0,0,3,,,,,,,14.2,57.1,54.1
Kyle Adams,CHI,TE,,,,,,81,,,0,0,0,0,0,1,,,,,,,8,,
Ben Hartsock,CAR,TE,,,,,,83,,98,0,0,0,0,0,2,,,,,,,5,,1.7
Jake O'Connell,KC,TE,,,,,,84,72,88,0,0,0,0,0,3,,,,,,,4.8,12.2,6.1
Zach Potter,JAC,TE,,,,,,86,78,90,0,0,0,0,0,3,,,,,,,2.6,10,5.4
Chris Cooley,WAS,TE,,,,,,90,67,5,0,1,1,0,0,2,,,,,,,1.8,14.8,177.9
Evan Moore,SEA,TE,,,,,,92,28,41,0,0,0,0,1,2,,,,,,,1.6,90.4,52.2
Brad Smelley,CLE,TE,,,,,,93,,,0,0,0,0,0,1,,,,,,,1.3,,
Jeremy Shockey,CAR,TE,,,,,,,23,25,0,0,0,1,1,0,,,,,,,,104.5,99.9
Donald Lee,CIN,TE,,,,,,,59,50,0,0,0,0,0,2,,,,,,,,22.5,34.3
Travis Beckum,NYG,TE,,,,,,,61,47,0,0,0,0,0,2,,,,,,,,20.3,36.6
Colin Cochart,CIN,TE,,,,,,,65,,0,0,0,0,0,1,,,,,,,,15.4,
Brody Eldridge,IND,TE,,,,,,,69,80,0,0,0,0,0,2,,,,,,,,13.5,8.9
Cameron Morrah,SEA,TE,,,,,,,70,62,0,0,0,0,0,2,,,,,,,,13.5,20.7
John Gilmore,NO,TE,,,,,,,74,49,0,0,0,0,0,2,,,,,,,,11,35
Daniel Graham,TEN,TE,,,,,,,76,51,0,0,0,0,0,2,,,,,,,,10.5,32.8
Colin Cloherty,JAC,TE,,,,,,,,,0,0,0,0,0,0,,,,,,,,9.7,
Mike Caussin,BUF,TE,,,,,,,81,,0,0,0,0,0,1,,,,,,,,9.1,
Zack Pianalto,TB,TE,,,,,,,82,,0,0,0,0,0,1,,,,,,,,8,
Anthony Becht,KC,TE,,,,,,,86,,0,0,0,0,0,1,,,,,,,,5.6,
Anthony Hill,IND,TE,,,,,,,97,,0,0,0,0,0,1,,,,,,,,3,
Justin Peelle,SF,TE,,,,,,,98,57,0,0,0,0,0,2,,,,,,,,2.9,25.6
Stephen Spach,STL,TE,,,,,,,99,75,0,0,0,0,0,2,,,,,,,,2.2,11
Reggie Kelly,ATL,TE,,,,,,,101,70,0,0,0,0,0,2,,,,,,,,1.7,14.2
Michael Higgins,NO,TE,,,,,,,104,,0,0,0,0,0,1,,,,,,,,1.4,
Jim Kleinsasser,MIN,TE,,,,,,,105,53,0,0,0,0,0,2,,,,,,,,1.4,31.8
Steve Maneri,KC,TE,,,,,,,107,,0,0,0,0,0,1,,,,,,,,1.1,
Bo Scaife,TEN,TE,,,,,,,,29,0,0,0,0,1,0,,,,,,,,,89.8
Ben Patrick,ARI,TE,,,,,,,,55,0,0,0,0,0,1,,,,,,,,,27.3
Chris Baker,SEA,TE,,,,,,,,56,0,0,0,0,0,1,,,,,,,,,26.6
Alge Crumpler,NE,TE,,,,,,,,58,0,0,0,0,0,1,,,,,,,,,23.2
Jonathan Stupar,BUF,TE,,,,,,,,59,0,0,0,0,0,1,,,,,,,,,23.1
David Martin,BUF,TE,,,,,,,,65,0,0,0,0,0,1,,,,,,,,,17.3
Robert Royal,CLE,TE,,,,,,,,66,0,0,0,0,0,1,,,,,,,,,16.6
Brandon Manumaleuna,CHI,TE,,,,,,,,68,0,0,0,0,0,1,,,,,,,,,15.3
Dan Gronkowski,DEN,TE,,,,,,,,69,0,0,0,0,0,1,,,,,,,,,14.4
Kris Wilson,SD,TE,,,,,,,,74,0,0,0,0,0,1,,,,,,,,,11.3
Gijon Robinson,IND,TE,,,,,,,,76,0,0,0,0,0,1,,,,,,,,,10.2
Ryan Purvis,TB,TE,,,,,,,,81,0,0,0,0,0,1,,,,,,,,,8.8
Jerramy Stevens,TB,TE,,,,,,,,85,0,0,0,0,0,1,,,,,,,,,7.3
Jeff Dugan,MIN,TE,,,,,,,,86,0,0,0,0,0,1,,,,,,,,,7.2
Mickey Shuler,MIA,TE,,,,,,,,87,0,0,0,0,0,1,,,,,,,,,6.4
Garrett Mills,PHI,TE,,,,,,,,91,0,0,0,0,0,1,,,,,,,,,3.9
Shawn Nelson,BUF,TE,,,,,,,,92,0,0,0,0,0,1,,,,,,,,,3.5
Fendi Onobun,STL,TE,,,,,,,,93,0,0,0,0,0,1,,,,,,,,,3.5
Desmond Clark,CHI,TE,,,,,,,,94,0,0,0,0,0,1,,,,,,,,,2.2
Tory Humphrey,NO,TE,,,,,,,,95,0,0,0,0,0,1,,,,,,,,,2.2
Richard Quinn,DEN,TE,,,,,,,,96,0,0,0,0,0,1,,,,,,,,,1.9
Ernest Wilford,JAC,TE,,,,,,,,101,0,0,0,0,0,1,,,,,,,,,1.3
